Christian Fiedler,Tor,30,Hertha BSC,0,0,0,4,10,2,4,6,-2,8,0,2,4,4,2,2,2,2,0,0,-2,2,2,2,4,2,2,4,4,6,2,-2,-2,4
Gerhard Tremmel,Tor,26,Hertha BSC,2,2,2,0,0,0,0,0,0,0,0,0,0,0,0,0,0,0,8,8,0,0,0,0,0,0,0,0,0,0,0,0,0,0
Sofian Chahed,Abwehr,22,Hertha BSC,0,0,0,0,0,0,0,0,0,0,0,0,0,0,0,2,0,0,0,0,0,-4,-4,0,7,3,-4,2,2,2,-2,-4,0,-2
Malik Fathi,Abwehr,21,Hertha BSC,0,-2,0,2,0,1,2,2,-2,5,-1,4,2,0,2,0,0,-2,-4,2,-12,0,0,0,3,2,2,2,2,2,0,-10,0,-2
Arne Friedrich,Abwehr,26,Hertha BSC,5,0,0,7,0,-2,2,-2,-2,-2,0,2,-6,0,2,0,4,0,2,6,-12,0,-6,-6,6,2,-2,0,0,0,-2,-8,2,-2
Gilberto,Abwehr,29,Hertha BSC,-6,-2,0,11,-9,0,2,-2,2,0,0,0,0,0,0,-2,-2,0,0,0,0,-9,0,-6,2,-6,2,-2,7,-2,2,0,-3,0
Alexander Madlung,Abwehr,23,Hertha BSC,2,0,0,0,0,0,11,-2,-6,0,0,2,0,0,0,-2,9,0,-5,0,0,1,-12,0,0,0,0,0,0,0,-2,0,11,0
Christopher Samba,Abwehr,21,Hertha BSC,0,0,0,0,0,0,0,0,0,0,0,0,0,0,0,0,-6,0,0,0,0,0,0,-10,0,0,0,0,0,0,0,0,0,0
Josip Simunic,Abwehr,27,Hertha BSC,2,2,-6,4,4,4,4,2,-6,0,-2,0,-2,-1,2,0,0,0,0,0,0,0,0,0,0,0,0,6,2,-2,0,0,2,-13
Dick Burik van,Abwehr,31,Hertha BSC,2,0,2,4,2,-4,0,0,0,2,-2,4,-6,-2,-2,-10,0,7,-2,2,0,-2,0,0,2,2,-2,4,2,2,-2,0,0,0
Yildiray Bastürk,Mittelfeld,26,Hertha BSC,0,0,-6,0,-4,-4,5,6,-6,0,0,0,-4,6,12,8,0,-4,-6,4,-4,-6,8,-1,12,-2,5,7,5,0,4,0,0,0
Ellery Cairo,Mittelfeld,26,Hertha BSC,0,0,0,-1,0,-1,0,0,0,0,6,2,-6,-2,0,0,0,-1,-2,-2,-2,0,-6,0,0,0,1,0,0,0,0,-6,-6,-2
Pal Dardai,Mittelfeld,29,Hertha BSC,0,0,0,0,2,0,0,10,-2,0,4,4,-6,0,0,0,0,0,0,0,0,-2,0,0,0,0,0,0,0,0,0,0,0,8
Ashkan Dejagah,Mittelfeld,19,Hertha BSC,0,0,0,0,0,0,0,0,0,0,0,0,0,0,0,0,0,0,0,0,0,0,0,0,0,0,0,0,0,0,0,0,0,0
Niko Kovac,Mittelfeld,33,Hertha BSC,-2,0,0,0,4,-2,2,0,-6,0,0,0,0,8,2,0,-2,-4,-4,2,2,0,0,0,0,0,2,0,0,0,6,-2,10,2
Marcelinho,Mittelfeld,30,Hertha BSC,4,-1,-4,-2,0,5,6,2,0,14,11,8,-6,1,9,-13,0,-6,-3,-4,0,-2,-4,-8,7,-6,-6,14,-1,2,1,4,11,0
Thorben Marx,Mittelfeld,24,Hertha BSC,0,0,0,0,0,0,0,0,0,0,-2,0,0,0,0,-6,0,0,0,0,0,0,-2,0,0,0,0,0,0,0,0,0,0,0
Andreas Neuendorf,Mittelfeld,30,Hertha BSC,0,0,-6,0,2,-4,0,0,-6,0,0,0,0,0,0,0,1,-4,0,0,-2,0,0,-6,0,0,0,0,0,0,0,-2,-1,0
Andreas Schmidt,Mittelfeld,31,Hertha BSC,0,0,0,0,0,0,0,0,0,0,0,0,0,0,0,0,0,0,0,0,0,0,-2,0,0,0,0,0,0,0,0,0,0,0
Oliver Schröder,Mittelfeld,25,Hertha BSC,-2,8,0,0,0,0,0,0,0,0,-2,0,2,0,0,0,0,-2,0,0,0,0,0,-2,-2,0,-2,0,-2,-4,0,0,0,0
Kevin-Prince Boateng,Sturm,18,Hertha BSC,0,2,0,0,0,0,0,0,0,0,0,0,-2,-2,2,2,-4,-2,1,2,0,0,3,3,7,-4,0,0,2,0,-2,2,-2,0
Solomon Okoronkwo,Sturm,18,Hertha BSC,0,0,-4,-6,0,0,0,0,0,0,0,0,0,0,0,0,0,-6,0,0,0,0,-2,0,0,0,0,0,0,0,-6,0,0,3
Marko Pantelic,Sturm,26,Hertha BSC,0,0,0,7,2,5,2,-1,-2,8,-6,8,-2,-4,-1,-2,-2,-4,0,0,0,-6,0,10,2,5,14,2,3,-4,-2,-1,7,0
Nando Rafael,Sturm,21,Hertha BSC,-1,-6,-6,0,0,3,0,0,-4,-6,3,10,-6,-6,0,0,0,0,-6,0,-4,-2,0,0,0,0,0,14,-2,-2,-6,-4,1,3
Vaclav Sverkos,Sturm,21,Hertha BSC,-2,-6,0,0,0,0,0,0,0,0,1,0,0,0,0,0,3,0,-6,-2,-3,-3,-6,-8,0,0,0,0,0,0,0,0,0,0
Artur Wichniarek,Sturm,28,Hertha BSC,3,-6,0,0,0,0,0,0,0,0,0,0,0,0,0,0,0,-4,-2,0,0,0,0,0,0,0,0,-6,-6,0,-4,0,0,0
Dennis Eilhoff,Tor,23,Arminia Bielefeld,0,0,0,0,0,0,0,0,0,0,0,0,0,0,0,0,0,0,0,0,0,0,0,0,0,0,0,0,0,0,0,0,2,4
Mathias Hain,Tor,32,Arminia Bielefeld,-4,4,2,5,4,4,4,2,8,6,6,0,4,4,6,-2,2,4,0,2,2,-8,6,6,2,2,4,4,2,2,4,-6,4,0
Petr Gabriel,Abwehr,32,Arminia Bielefeld,0,0,0,0,0,0,0,0,0,0,0,0,0,0,0,0,0,0,0,0,0,0,0,0,0,0,0,2,0,0,-2,3,0,-2
Bernd Korzynietz,Abwehr,25,Arminia Bielefeld,-4,-2,2,-2,-2,-2,-4,0,-2,2,4,-6,0,-2,-2,0,2,2,0,-4,0,0,3,-4,2,-4,-2,-2,5,0,-4,2,0,2
Borges Marcio,Abwehr,32,Arminia Bielefeld,-6,2,0,2,2,-2,-4,-2,11,0,4,-2,2,0,0,-2,-2,2,2,-6,2,0,2,-2,2,0,4,0,0,0,0,0,0,0
Tobias Rau,Abwehr,23,Arminia Bielefeld,-6,0,0,0,0,-6,0,0,0,0,0,0,0,0,0,0,0,0,-4,0,0,0,0,0,0,0,0,0,0,0,0,-4,-8,0
Markus Schuler,Abwehr,28,Arminia Bielefeld,0,0,0,-2,-2,-2,-6,0,2,0,0,-4,-2,0,-6,2,5,0,0,0,0,0,4,2,2,-2,0,-2,2,-4,-2,-2,0,-2
Heiko Westermann,Abwehr,21,Arminia Bielefeld,-4,2,0,0,2,-6,-6,2,13,0,0,-2,-2,2,2,-2,0,2,2,-2,2,-2,4,-2,2,-2,2,2,9,2,0,2,0,-2
Detlev Dammeier,Mittelfeld,36,Arminia Bielefeld,-4,0,0,0,-2,-2,0,0,0,0,0,0,-2,0,2,2,7,-2,0,0,0,0,0,0,0,0,0,0,0,0,0,0,0,0
Tim Danneberg,Mittelfeld,19,Arminia Bielefeld,0,0,0,0,0,0,0,0,0,0,0,0,0,0,0,0,0,0,0,0,0,0,0,0,0,0,0,0,0,0,0,0,4,-2
Leon Diego,Mittelfeld,21,Arminia Bielefeld,0,0,0,0,0,0,0,0,0,4,0,0,0,0,0,0,0,0,0,0,0,0,0,0,0,0,0,0,0,0,0,0,0,0
Michael Fink,Mittelfeld,23,Arminia Bielefeld,-2,2,2,0,-2,2,-6,-2,3,6,8,-4,2,2,0,0,16,2,4,1,2,0,-2,-4,0,-2,-2,-2,0,0,0,-2,-4,0
Rüdiger Kauf,Mittelfeld,30,Arminia Bielefeld,0,0,0,0,0,0,0,0,0,0,0,0,0,0,0,0,0,0,0,2,4,0,8,0,2,-2,-2,0,-2,0,0,0,-2,0
David Kobylik,Mittelfeld,24,Arminia Bielefeld,0,0,0,0,0,-4,-6,-3,5,-6,3,-6,0,0,-4,-4,12,-2,-2,-6,-2,-6,0,-6,0,-4,0,0,0,-2,-4,0,-6,4
Nebojsa Krupnikovic,Mittelfeld,31,Arminia Bielefeld,7,0,14,-2,-2,-2,-4,0,0,0,0,0,0,0,-2,0,0,0,0,0,0,0,0,0,0,0,0,0,0,0,0,0,0,0
Radim Kucera,Mittelfeld,31,Arminia Bielefeld,0,0,0,0,0,0,2,4,4,0,4,0,0,0,0,0,0,0,0,0,0,-4,0,0,0,0,0,-2,-4,0,-6,-2,0,2
Ioannis Masmanidis,Mittelfeld,22,Arminia Bielefeld,0,0,0,0,0,0,0,0,0,0,0,0,0,0,0,0,0,0,2,0,3,-4,-6,-6,-6,0,-6,-1,-4,0,-2,-2,-6,-4
Roberto Pinto,Mittelfeld,26,Arminia Bielefeld,0,0,0,4,-6,0,-4,0,0,0,0,-6,0,2,-6,0,0,0,0,0,0,0,0,-2,0,-6,0,0,0,-8,-2,0,-6,6
Massimilian Porcello,Mittelfeld,25,Arminia Bielefeld,0,2,-2,-4,0,-6,-6,0,0,0,0,0,0,0,0,0,0,0,0,0,0,0,0,0,0,0,0,0,0,0,0,0,0,0
Kamil Vacek,Mittelfeld,18,Arminia Bielefeld,0,0,0,0,0,0,0,0,0,0,0,0,0,0,0,0,0,0,0,0,0,0,0,0,0,0,0,0,0,0,0,0,0,0
Isaac Boakye,Sturm,23,Arminia Bielefeld,0,0,-2,0,-4,0,-8,5,1,-2,15,-6,5,-2,-2,5,0,0,7,5,14,0,0,0,0,0,0,0,0,0,-2,0,0,0
Radomir Djalovic,Sturm,22,Arminia Bielefeld,0,0,0,0,-8,0,0,0,0,0,0,0,0,-2,0,0,0,0,0,0,0,0,0,0,7,-6,0,0,0,-6,0,-2,-4,1
Marco Küntzel,Sturm,29,Arminia Bielefeld,-4,-4,0,0,0,0,0,-2,0,-4,-2,-6,0,-4,0,0,0,0,3,0,1,-2,-6,0,-2,-6,0,0,0,-4,0,5,0,0
Fatmir Vata,Sturm,33,Arminia Bielefeld,-2,-2,5,0,0,0,0,0,0,0,1,-4,-2,-6,0,3,0,-4,0,0,0,-4,4,-2,5,-6,-4,5,-2,0,0,-2,-2,0
Artur Wichniarek,Sturm,28,Arminia Bielefeld,3,-6,0,0,0,0,0,0,0,0,0,0,0,0,0,0,0,-4,-2,0,0,0,0,0,0,0,0,-6,-6,0,-4,0,0,0
Sibusiso Zuma,Sturm,30,Arminia Bielefeld,6,-2,2,-6,0,0,-4,0,11,11,11,-6,7,2,0,0,0,0,0,0,0,-6,-4,0,-4,-4,-2,0,0,0,0,0,0,0
Andreas Reinke,Tor,36,Werder Bremen,2,8,2,2,-4,2,6,4,4,4,2,-2,2,2,-6,-4,6,6,0,4,0,0,0,0,0,0,0,0,0,0,0,0,0,0
Christian Vander,Tor,24,Werder Bremen,0,0,0,0,0,0,0,0,0,0,0,0,0,0,0,0,0,0,0,0,0,0,0,0,0,0,0,6,0,0,0,0,0,0
Tim Wiese,Tor,23,Werder Bremen,0,0,0,0,0,0,0,0,0,0,0,0,0,0,0,0,0,0,0,2,2,8,2,2,-4,-2,8,2,6,2,4,4,2,2
Frank Fahrenhorst,Abwehr,27,Werder Bremen,0,0,0,0,0,0,0,0,0,-8,0,0,2,-2,4,-2,0,7,-2,4,0,0,5,0,-6,-6,-2,2,4,2,2,-2,3,4
Naldo,Abwehr,22,Werder Bremen,-2,2,4,0,4,4,4,2,0,4,4,-6,9,-6,0,11,-2,-2,-6,4,-4,0,6,0,-6,-10,2,2,4,4,2,-2,2,3
Patrick Owomoyela,Abwehr,25,Werder Bremen,0,-2,4,2,2,-2,2,4,0,2,-2,-6,5,-3,0,0,4,0,0,2,0,2,2,0,-6,-8,0,0,-2,-3,0,-4,0,-2
Petri Pasanen,Abwehr,24,Werder Bremen,2,2,0,4,0,0,0,0,0,0,0,0,0,0,0,0,2,0,0,0,0,0,0,-4,0,0,-2,-2,-2,0,-2,2,2,2
Jerome Polenz,Abwehr,18,Werder Bremen,0,0,0,0,0,0,0,0,0,0,0,0,0,0,0,0,0,0,0,0,0,0,0,0,0,0,0,0,0,0,0,0,0,0
Christian Schulz,Abwehr,22,Werder Bremen,-2,0,-1,2,-6,0,0,-2,-2,0,0,-2,2,0,-2,0,0,2,0,2,-2,-6,-2,2,-4,-2,-6,0,-2,-2,2,-2,0,-2
Davala Ümit,Abwehr,32,Werder Bremen,0,0,0,0,0,0,0,0,0,0,0,0,0,0,0,0,0,0,0,0,0,0,0,0,0,0,0,0,0,0,0,0,0,0
Jelle Damme van,Abwehr,21,Werder Bremen,0,0,0,0,0,7,-2,0,0,0,0,0,0,0,0,0,0,0,-4,0,0,0,0,0,0,0,0,0,0,0,0,0,0,0
Leon Andreasen,Mittelfeld,22,Werder Bremen,0,0,2,0,6,0,0,0,-2,0,2,-6,0,0,-2,-2,2,0,0,0,0,0,0,0,0,-6,0,0,0,0,0,0,0,0
Frank Baumann,Mittelfeld,29,Werder Bremen,6,0,-4,2,-2,-6,0,2,2,0,2,0,10,-2,6,-2,2,-2,0,0,0,-2,4,0,0,0,0,0,0,0,0,0,0,0
Tim Borowski,Mittelfeld,25,Werder Bremen,0,5,6,6,0,-6,-2,10,9,-2,19,9,19,4,10,0,0,-2,-2,0,-6,2,4,2,-6,3,-1,-2,8,-4,-2,4,16,-2
Torsten Frings,Mittelfeld,28,Werder Bremen,5,2,6,8,10,1,6,0,6,2,10,2,2,-3,0,3,0,2,6,4,2,6,0,6,-4,0,-6,0,0,0,0,0,2,2
Aaron Hunt,Mittelfeld,18,Werder Bremen,0,0,0,0,0,0,1,0,0,0,0,2,0,0,5,0,0,0,0,0,0,0,0,0,0,0,0,0,0,0,0,0,0,0
Daniel Jensen,Mittelfeld,26,Werder Bremen,0,0,2,0,0,0,-2,0,0,0,0,0,0,0,0,0,0,0,7,-4,0,0,0,-2,-8,-2,-6,-6,6,0,2,-4,5,-2
Pekka Lagerblom,Mittelfeld,22,Werder Bremen,0,0,0,0,0,0,0,0,0,0,0,0,0,0,0,0,0,0,0,0,0,0,0,0,0,0,0,0,0,0,0,0,0,0
Johan Micoud,Mittelfeld,32,Werder Bremen,3,0,0,6,11,-2,2,3,3,-8,8,-2,3,4,7,13,10,-1,6,2,-6,0,7,-2,-6,0,12,-2,8,-2,4,15,0,0
Jurica Vranjes,Mittelfeld,25,Werder Bremen,-2,6,0,4,0,0,0,-2,0,-2,0,0,0,2,0,0,2,0,0,-4,0,0,0,-4,-10,-6,2,2,0,2,0,0,0,0
Ivan Klasnic,Sturm,25,Werder Bremen,14,7,7,11,11,0,5,2,15,-2,-2,0,0,0,0,1,0,-6,8,-2,-6,5,5,-2,-6,-6,0,-4,1,0,-2,3,14,5
Miroslav Klose,Sturm,27,Werder Bremen,15,8,0,14,9,0,7,0,19,0,10,11,17,0,0,12,6,0,0,0,0,0,5,3,-4,5,10,6,10,-4,-2,16,18,10
Nelson Valdez,Sturm,21,Werder Bremen,0,0,0,0,0,0,0,9,1,-2,0,2,2,7,5,2,-2,-4,12,0,-2,3,0,0,0,2,19,-4,-2,1,2,-2,-2,0
Dennis Gentenaar,Tor,29,Borussia Dortmund,0,0,0,0,0,0,0,0,0,0,0,0,0,0,0,0,0,0,0,0,0,0,0,0,4,-2,0,6,6,6,2,10,4,0
Roman Weidenfeller,Tor,24,Borussia Dortmund,0,-2,4,2,6,2,2,8,2,0,2,6,6,4,4,8,2,-2,10,6,6,8,6,0,0,0,2,0,0,0,0,0,0,0
Markus Brzenska,Abwehr,21,Borussia Dortmund,0,0,0,0,0,0,0,0,-2,0,0,-2,0,0,0,0,0,-2,4,9,2,0,4,-4,2,2,0,0,1,-2,2,0,-4,-4
Dede,Abwehr,27,Borussia Dortmund,-2,2,0,2,-2,2,0,-2,-4,0,3,-6,2,-2,0,0,0,-2,0,-2,0,-2,2,-2,0,13,3,-6,0,6,7,-1,2,-2
Philipp Degen,Abwehr,22,Borussia Dortmund,0,-6,4,0,-4,-2,-6,2,0,0,1,0,0,2,-6,-2,0,1,0,6,-2,-2,-2,-4,-2,4,-4,0,0,-2,2,-4,0,7
Uwe Hünemeier,Abwehr,19,Borussia Dortmund,0,0,0,0,0,0,0,0,0,0,0,0,0,0,0,0,2,0,0,0,0,0,0,0,0,0,0,2,0,0,0,0,0,0
Christoph Metzelder,Abwehr,24,Borussia Dortmund,-4,-6,-2,0,-2,3,1,6,-8,5,0,0,2,0,-2,-6,-2,-6,0,0,0,0,0,0,0,0,0,2,0,0,2,-6,-2,0
Christian Wörns,Abwehr,33,Borussia Dortmund,-2,2,2,4,-4,2,-2,0,-6,2,2,-2,0,2,2,0,0,11,2,2,2,4,4,11,4,2,4,3,0,2,2,7,0,0
Delron Buckley,Mittelfeld,27,Borussia Dortmund,-4,-8,0,-2,0,0,0,0,0,-8,0,-8,-2,0,-2,-8,-4,0,0,0,0,0,-6,2,0,3,0,-6,0,-6,0,-10,0,0
Nizamettin Caliskan,Mittelfeld,18,Borussia Dortmund,0,0,0,0,0,0,0,0,0,0,0,0,0,0,0,0,0,0,0,0,0,0,0,0,0,0,0,0,0,0,0,0,0,-2
Sebastian Kehl,Mittelfeld,25,Borussia Dortmund,0,0,0,6,-4,-6,2,2,0,6,8,-2,2,0,0,-2,6,2,4,-4,-2,0,-2,-1,2,2,8,0,-6,0,0,-2,-2,0
Florian Kringe,Mittelfeld,22,Borussia Dortmund,-2,-1,0,-2,0,-6,-2,-6,-2,2,4,-2,3,2,2,-2,8,0,0,0,0,0,-2,-6,-2,6,8,-6,-6,-2,12,-6,-2,-2
Andre Marc Kruska,Mittelfeld,18,Borussia Dortmund,0,0,0,-2,0,0,0,0,0,0,2,-2,4,2,-2,-4,2,0,0,0,0,0,0,0,0,0,0,0,0,0,0,0,0,0
Lars Ricken,Mittelfeld,29,Borussia Dortmund,0,0,6,14,-6,-1,-2,-6,-5,-2,-6,2,0,0,0,0,0,0,0,0,0,0,0,0,0,0,0,0,0,0,0,0,0,0
Tomas Rosicky,Mittelfeld,24,Borussia Dortmund,5,4,9,0,-4,0,0,0,-2,2,-2,-2,5,5,-2,-9,0,9,2,2,0,0,-6,0,0,0,14,8,-4,0,0,8,-2,0
Nuri Sahin,Mittelfeld,16,Borussia Dortmund,2,-2,0,0,0,0,0,0,0,-2,2,-2,2,10,2,-2,-1,0,-2,-4,-2,0,0,-6,-2,-1,0,-2,-3,0,-1,-6,0,6
Kosi Saka,Mittelfeld,19,Borussia Dortmund,0,0,0,0,0,0,0,0,0,0,0,0,0,0,0,0,-6,0,0,0,0,0,0,0,0,0,0,0,0,0,0,0,0,0
Matthew Amoah,Sturm,24,Borussia Dortmund,0,0,0,0,0,0,0,0,0,0,0,0,0,0,0,0,0,0,0,0,0,0,0,0,0,0,0,-2,-2,-2,-6,-8,-10,0
Salvatore Gambino,Sturm,21,Borussia Dortmund,0,0,0,0,0,0,0,0,0,0,0,0,0,0,0,2,0,3,-2,-2,-2,-6,0,-6,0,0,0,0,0,0,0,0,3,0
Jan Koller,Sturm,32,Borussia Dortmund,8,-4,-6,0,5,9,-2,0,0,0,0,0,0,0,0,0,0,0,0,0,0,0,0,0,0,0,0,0,0,0,0,0,3,12
David Odonkor,Sturm,21,Borussia Dortmund,0,0,0,7,5,0,0,2,2,-1,0,3,-2,10,-6,2,0,2,-6,0,2,2,-6,-2,-2,4,-2,-6,0,-6,2,-8,-6,-2
Euzebiusz Smolarek,Sturm,24,Borussia Dortmund,3,1,-6,-1,10,3,-2,-2,19,-2,5,-4,12,-2,-4,-6,-2,10,-4,-4,-2,-6,-6,-2,-4,-2,11,-6,-6,-4,-2,-6,-10,-2
Marcus Steegmann,Sturm,24,Borussia Dortmund,0,0,0,0,0,0,0,0,0,0,0,0,0,0,0,0,0,0,0,0,0,0,0,0,0,0,0,0,0,0,0,0,0,0
Cedric Gun der van,Sturm,26,Borussia Dortmund,0,0,0,0,0,0,0,0,0,0,0,0,0,0,0,0,0,0,0,0,0,0,0,0,0,0,0,0,0,0,0,0,0,1
Sven Beuckert,Tor,31,MSV Duisburg,0,0,0,0,0,0,0,0,0,0,0,0,0,0,0,0,0,0,0,0,0,0,0,0,0,0,0,0,0,0,0,0,2,0
Georg Koch,Tor,33,MSV Duisburg,6,-4,6,2,-2,2,4,6,10,2,6,8,2,2,6,4,-2,6,6,2,2,4,2,-4,8,-4,2,2,2,0,4,-2,8,12
Necat Aygün,Abwehr,25,MSV Duisburg,0,0,0,0,0,0,0,0,0,0,0,0,0,0,0,0,0,0,-10,0,0,0,-2,0,0,0,0,0,0,0,0,0,0,0
Thomas Baelum,Abwehr,27,MSV Duisburg,4,-8,-2,-2,-4,2,-2,-4,-6,-6,2,-6,-4,-6,-4,0,-4,-2,0,-4,0,-6,0,0,2,-10,2,-4,0,0,-6,-2,0,-2
Marino Biliskov,Abwehr,29,MSV Duisburg,0,0,0,0,0,7,4,-2,-4,-6,0,-6,-6,0,0,0,0,-2,0,2,2,-16,0,0,0,0,-6,-2,-2,0,-6,-6,-2,-2
Alexander Bugera,Abwehr,26,MSV Duisburg,-2,-6,-4,0,0,0,2,-4,-4,-2,7,-6,0,0,2,0,0,0,0,0,-1,0,0,0,0,0,-4,-4,-2,2,-6,4,-2,2
Marco Caligiuri,Abwehr,21,MSV Duisburg,0,0,0,0,0,0,0,0,0,0,0,0,0,0,0,0,0,9,-3,0,2,-6,0,-4,-2,-6,-2,-4,0,0,0,0,5,0
Alexander Meyer,Abwehr,21,MSV Duisburg,0,0,-4,2,-2,-2,2,-2,-6,-6,0,-6,-6,-2,-2,0,-4,1,-2,-2,0,-2,0,0,-2,-6,0,0,0,0,0,-2,0,0
Uwe Möhrle,Abwehr,25,MSV Duisburg,-2,6,-4,7,-4,-2,-2,-2,-2,-10,2,-4,-4,-6,-6,-4,9,-6,-2,2,0,-6,2,-6,0,-11,0,-6,4,-2,-6,-6,0,0
Razundara Tjikuzu,Abwehr,25,MSV Duisburg,0,0,0,0,0,-6,-6,0,0,-6,0,-2,-2,0,0,0,1,0,-6,2,0,-6,-2,-8,0,-8,0,0,-2,0,0,0,0,0
Carsten Wolters,Abwehr,36,MSV Duisburg,2,-6,0,-2,-2,0,0,-2,-2,-8,0,0,0,-2,0,-2,-4,0,0,0,0,0,0,-6,0,0,2,-2,0,0,0,0,-2,0
Markus Anfang,Mittelfeld,31,MSV Duisburg,0,0,0,0,0,0,0,-2,0,0,6,-4,-6,-2,0,0,0,0,0,0,-2,0,0,-2,-6,0,0,0,0,-6,0,0,0,0
Adam Bodzek,Mittelfeld,19,MSV Duisburg,0,0,0,0,0,0,0,0,0,0,0,0,0,0,0,0,-2,0,0,0,0,0,-2,-8,-4,3,0,0,0,0,-6,-6,0,0
Nasir Kasmi El,Mittelfeld,22,MSV Duisburg,0,0,0,0,0,0,0,0,0,0,0,0,0,0,0,0,0,0,0,0,0,0,0,0,0,0,0,0,0,0,0,0,0,0
Ivica Grlic,Mittelfeld,29,MSV Duisburg,-2,0,0,-2,-4,9,0,0,0,-10,0,0,-6,0,0,0,0,0,0,0,0,0,0,0,0,0,0,0,0,0,0,0,-2,2
Markus Hausweiler,Mittelfeld,29,MSV Duisburg,0,-4,-2,0,0,0,0,0,0,0,0,0,0,0,0,0,0,0,0,0,0,0,0,0,0,0,0,0,0,0,0,0,0,0
Markus Kurth,Mittelfeld,32,MSV Duisburg,3,0,6,-1,-2,-2,8,-6,0,-6,9,-4,0,-4,2,-9,0,-4,6,-2,0,0,-2,-6,-6,0,0,0,2,0,-2,3,-4,-2
Dirk Lottner,Mittelfeld,33,MSV Duisburg,0,0,0,0,-2,-2,-1,-2,-6,0,2,-6,0,3,0,0,-2,-4,0,2,-6,-1,3,0,0,0,0,0,0,0,0,0,0,0
Mike Rietpietsch,Mittelfeld,31,MSV Duisburg,0,-4,0,0,0,0,0,0,-6,0,0,0,-6,0,0,0,-6,0,0,0,0,0,0,0,0,0,0,0,0,0,0,0,0,0
Mihai Tararache,Mittelfeld,27,MSV Duisburg,0,0,0,0,0,0,0,0,0,0,0,0,0,0,0,0,0,2,8,0,2,-6,10,-9,0,-6,-2,-4,7,0,-8,0,3,4
Tobias Willi,Mittelfeld,25,MSV Duisburg,6,-4,0,-2,1,0,2,1,-4,0,0,0,-2,-4,-2,-4,-4,0,0,-6,0,0,0,0,0,0,-2,-2,2,0,0,2,-6,0
Abdelaziz Ahanfouf,Sturm,27,MSV Duisburg,5,-1,-6,0,0,1,-6,1,-6,0,-2,0,-6,1,-2,7,0,0,0,0,0,0,0,0,-6,-6,-2,-6,2,-2,-1,12,0,-6
Jung-Hwan Ahn,Sturm,29,MSV Duisburg,0,0,0,0,0,0,0,0,0,0,0,0,0,0,0,0,0,0,-6,0,0,-1,0,0,0,-6,0,0,0,0,0,5,1,0
Josef Ivanovic,Sturm,31,MSV Duisburg,0,0,0,0,0,0,0,0,0,0,0,0,0,0,0,0,0,0,0,0,0,0,0,0,0,0,0,0,0,0,0,0,0,0
Klemen Lavric,Sturm,24,MSV Duisburg,0,1,-2,2,5,0,0,0,0,0,0,0,0,0,0,0,0,-2,-5,-2,7,12,8,-6,0,-1,-4,-6,-2,-6,-5,0,-4,-6
Kai Michalke,Sturm,29,MSV Duisburg,-2,-6,0,0,0,0,0,0,0,0,0,0,0,0,0,-4,0,0,0,0,0,0,0,0,0,0,0,0,0,0,0,0,0,0
Niklas Stegmann,Sturm,18,MSV Duisburg,0,0,0,0,0,0,0,0,0,0,0,0,0,0,0,0,0,0,0,0,0,0,0,0,0,0,0,0,0,0,0,0,0,0
Peter Houdt van,Sturm,28,MSV Duisburg,0,0,1,-2,-4,0,0,0,-6,-8,0,0,0,0,2,-1,-6,0,0,0,0,0,-2,-6,0,-6,0,3,-2,-6,-6,0,0,-4
Oka Nikolov,Tor,31,Eintracht Frankfurt,0,0,4,2,2,6,0,0,4,2,-2,2,2,2,-2,4,4,6,-6,6,4,2,-4,2,2,2,2,8,0,4,4,4,2,6
Markus Pröll,Tor,25,Eintracht Frankfurt,-6,-4,0,0,0,0,0,0,0,0,0,0,0,0,0,0,0,0,0,0,0,0,0,0,0,0,0,0,0,0,0,0,0,0
Jan Zimmermann,Tor,20,Eintracht Frankfurt,0,0,0,0,0,0,2,4,0,0,0,0,0,0,0,0,0,0,0,0,0,0,0,0,0,0,0,0,0,0,0,0,0,0
Mounir Chaftar,Abwehr,19,Eintracht Frankfurt,0,0,0,0,0,0,0,0,0,0,0,0,0,0,0,0,-2,0,0,0,0,0,0,0,0,0,0,0,0,0,0,0,0,0
Chris,Abwehr,26,Eintracht Frankfurt,0,0,0,0,-2,2,-2,2,2,9,0,6,0,4,3,4,5,2,0,0,2,-1,-6,6,0,4,0,0,0,0,0,0,0,0
Daniyel Cimen,Abwehr,20,Eintracht Frankfurt,0,0,0,0,0,0,0,0,0,0,0,0,0,-2,0,0,0,0,0,0,0,0,0,0,0,0,-2,2,-4,0,2,-4,-2,0
Patrick Ochs,Abwehr,21,Eintracht Frankfurt,-4,0,0,-4,0,0,2,2,2,2,-2,2,1,0,0,0,0,0,0,0,0,0,-2,0,-4,2,0,0,0,-4,0,-2,6,-2
Marko Rehmer,Abwehr,33,Eintracht Frankfurt,-4,0,2,-2,0,2,-6,0,0,5,0,0,6,2,0,2,-2,0,-2,0,2,0,-6,-1,-4,-2,9,-6,0,0,0,0,0,0
Marco Russ,Abwehr,19,Eintracht Frankfurt,0,0,0,0,0,0,0,0,0,0,0,0,0,0,0,0,0,0,0,0,0,0,0,0,0,0,2,0,2,2,-2,-4,-2,-2
Christoph Spycher,Abwehr,27,Eintracht Frankfurt,-4,-2,2,-4,-2,2,0,0,-2,0,-4,2,-2,2,2,2,0,-2,0,0,0,0,0,0,0,0,-6,-2,0,-2,0,0,0,-2
Aleksandar Vasoski,Abwehr,25,Eintracht Frankfurt,1,2,2,-2,5,2,-2,4,0,6,-6,6,2,0,2,2,0,-6,2,0,2,0,-6,2,-2,-2,0,0,0,2,2,-4,0,-4
Andree Wiedener,Abwehr,35,Eintracht Frankfurt,0,0,0,0,0,0,0,0,0,0,0,0,0,0,0,0,0,0,0,0,0,0,0,0,0,0,0,0,0,0,0,0,0,0
Du-Ri Cha,Mittelfeld,25,Eintracht Frankfurt,-4,-6,-4,-6,4,0,0,0,0,4,0,0,0,0,3,2,-4,0,0,0,-2,0,1,0,-6,0,0,0,0,-6,0,0,6,0
Benjamin Huggel,Mittelfeld,28,Eintracht Frankfurt,-4,-4,-2,-6,0,0,-4,2,2,0,-6,0,0,-2,0,0,0,0,0,0,0,-6,0,0,-2,2,-4,2,-4,-2,2,-2,0,0
Jermaine Jones,Mittelfeld,23,Eintracht Frankfurt,-2,-2,8,-6,4,2,0,0,0,4,0,2,2,4,0,2,0,2,8,2,4,2,-2,0,0,0,0,0,0,0,0,0,0,0
Benjamin Köhler,Mittelfeld,24,Eintracht Frankfurt,0,0,2,2,-2,4,-6,-4,0,9,0,3,0,0,-2,5,1,0,-4,2,0,-4,0,0,-2,8,1,2,-10,0,0,4,-4,-2
Stefan Lexa,Mittelfeld,28,Eintracht Frankfurt,0,0,0,0,-2,0,-6,0,0,0,0,0,0,0,0,0,0,0,0,0,0,0,0,0,0,0,0,0,0,0,3,3,-2,-4
Christoph Preuß,Mittelfeld,24,Eintracht Frankfurt,-6,-4,0,0,-2,0,-2,2,0,0,-2,2,2,2,0,0,-2,1,0,0,2,-2,6,4,-4,2,0,0,0,0,0,0,0,0
Christopher Reinhard,Mittelfeld,20,Eintracht Frankfurt,0,0,0,0,0,0,0,0,0,0,0,0,0,0,0,0,0,0,-2,-2,0,0,-6,0,0,0,0,0,0,0,1,0,0,0
Alexander Schur,Mittelfeld,34,Eintracht Frankfurt,0,0,0,0,0,0,0,0,0,0,0,0,0,0,0,0,0,0,0,0,0,0,0,0,0,0,0,0,0,0,0,0,0,0
Markus Weissenberger,Mittelfeld,30,Eintracht Frankfurt,0,0,0,0,0,0,-2,-2,0,0,0,0,0,0,10,0,8,-2,0,0,0,0,0,0,0,0,0,0,-4,0,0,-4,0,0
Ioannis Amanatidis,Sturm,23,Eintracht Frankfurt,0,-6,1,-8,-2,-4,-6,-4,4,8,1,0,-4,3,0,5,-2,5,-2,9,-2,-4,-2,3,0,19,-4,0,0,2,9,7,2,-2
Francisco Copado,Sturm,31,Eintracht Frankfurt,0,0,0,0,0,0,0,0,3,5,-6,10,-1,1,7,7,14,-2,0,2,-4,-4,-6,2,-4,4,-6,0,-6,0,0,-1,0,-2
Alexander Meier,Sturm,22,Eintracht Frankfurt,1,-6,-4,-4,-4,-4,0,-2,7,14,3,12,4,-2,-2,1,0,-2,-2,5,-2,3,1,0,0,2,-4,-4,-6,0,9,-2,4,-2
Dominik Stroh-Engel,Sturm,19,Eintracht Frankfurt,0,0,0,0,0,0,0,0,0,0,0,0,0,0,0,0,0,0,0,0,0,0,0,0,0,0,0,0,0,0,0,0,0,0
Arie Lent van,Sturm,34,Eintracht Frankfurt,-2,0,0,0,0,-2,0,-2,0,0,0,0,0,0,0,0,-2,0,0,0,0,0,0,0,0,0,0,0,0,0,0,0,0,0
Sascha Kirschstein,Tor,25,Hamburger SV,0,0,0,0,0,0,0,0,0,0,0,0,0,8,2,-6,0,0,0,0,0,0,0,0,2,4,0,8,2,4,4,8,-6,2
Stefan Wächter,Tor,27,Hamburger SV,2,4,2,2,-2,-2,2,4,4,6,2,4,0,0,0,0,0,-4,2,2,2,0,2,4,0,0,0,0,0,0,0,0,0,0
Thimothée Atouba,Abwehr,23,Hamburger SV,2,0,0,2,2,-2,4,2,-2,0,-4,-6,0,2,5,2,2,0,0,2,2,0,-4,2,4,-4,0,2,-2,-1,-6,-2,-6,4
Khalid Boulahrouz,Abwehr,23,Hamburger SV,0,2,4,0,0,-4,4,2,-2,2,2,-2,2,0,0,2,0,-2,-2,-2,2,2,-6,4,2,0,2,0,2,4,2,2,2,-4
Guy Demel,Abwehr,24,Hamburger SV,2,-2,-2,2,-2,0,2,3,-6,0,0,0,0,4,0,-2,-2,0,0,0,0,0,0,11,3,0,0,2,2,4,4,0,-2,-2
Markus Karl,Abwehr,19,Hamburger SV,0,0,0,0,0,0,0,0,0,0,0,0,0,0,0,0,0,0,0,0,0,0,0,0,0,0,0,0,0,0,0,0,0,0
René Klingbeil,Abwehr,24,Hamburger SV,2,-2,0,0,0,-6,0,0,0,-2,0,0,0,0,0,0,0,-8,0,0,0,0,0,0,0,0,-1,-2,0,0,0,-4,0,0
Bastian Reinhardt,Abwehr,29,Hamburger SV,2,0,0,0,-1,0,0,0,0,0,0,0,0,0,0,0,0,0,0,0,0,0,0,0,0,0,0,2,-2,2,-2,2,-4,0
Daniel Buyten van,Abwehr,27,Hamburger SV,0,2,0,4,7,0,6,2,0,2,2,0,2,6,2,2,4,-2,-2,-4,2,7,-9,0,2,2,-2,0,0,0,0,0,-6,-4
Reto Ziegler,Abwehr,19,Hamburger SV,0,0,0,0,-6,0,0,0,0,0,0,0,0,0,0,-2,0,0,0,0,0,0,0,0,0,0,0,0,0,0,0,0,0,0
Sergej Barbarez,Mittelfeld,33,Hamburger SV,16,6,-2,2,-8,6,3,11,-6,-4,-3,-4,7,3,13,2,-2,0,4,-2,-4,3,-10,-2,-4,3,5,2,-1,-1,6,0,0,10
Stefan Beinlich,Mittelfeld,33,Hamburger SV,6,0,0,0,-4,2,4,2,0,2,4,-2,0,2,5,5,0,-6,0,-6,0,0,0,0,0,0,0,0,0,0,0,0,0,0
Nigel Jong de,Mittelfeld,20,Hamburger SV,0,0,0,0,0,0,0,0,0,0,0,0,0,0,0,0,0,-6,-1,-2,-1,0,-6,10,2,-2,-6,-6,0,-4,0,0,0,0
Mario Fillinger,Mittelfeld,20,Hamburger SV,0,0,0,0,0,0,0,0,0,0,0,0,0,0,0,0,0,0,0,0,0,0,0,0,0,0,0,0,0,0,0,0,0,0
David Jarolim,Mittelfeld,26,Hamburger SV,10,1,0,3,-2,8,6,4,2,-2,2,-2,0,6,0,0,-2,-4,2,-3,6,0,-6,2,3,0,0,2,2,-2,-2,0,-2,0
Alexander Laas,Mittelfeld,21,Hamburger SV,0,0,0,0,0,0,0,0,0,0,0,0,0,0,-2,0,0,0,0,0,0,0,0,0,0,0,0,0,0,0,0,0,0,0
Mehdi Mahdavikia,Mittelfeld,28,Hamburger SV,0,0,10,10,-6,-2,0,0,0,1,8,0,3,6,2,6,2,-4,3,-4,8,0,-4,9,2,0,0,0,0,-2,-2,1,-6,2
Charles Takyi,Mittelfeld,20,Hamburger SV,0,0,0,0,0,0,0,0,0,0,0,0,0,0,0,0,0,0,0,0,0,0,0,0,0,0,0,0,0,0,0,0,0,0
Piotr Trochowski,Mittelfeld,21,Hamburger SV,0,-4,0,0,0,0,13,0,0,4,0,-6,0,-4,-2,-2,-2,-3,2,-6,-6,9,-2,0,0,-4,-6,-4,1,-4,-4,-2,8,1
Rafael Vaart der van,Mittelfeld,22,Hamburger SV,-2,6,-1,9,-6,8,8,19,-8,0,0,0,0,0,0,0,0,0,0,0,0,0,-6,4,11,-2,-4,6,2,0,0,0,0,0
Raphael Wicky,Mittelfeld,28,Hamburger SV,4,0,0,8,0,0,0,4,0,-2,2,-6,2,0,0,0,-4,0,-6,0,2,0,-6,0,-2,0,-2,0,0,0,0,0,0,0
Ailton,Sturm,32,Hamburger SV,0,0,0,0,0,0,0,0,0,0,0,0,0,0,0,0,0,-6,-2,0,0,0,0,0,0,0,3,5,-4,3,-2,-8,-6,-6
Mustafa Kucukovic,Sturm,18,Hamburger SV,0,0,0,0,0,0,0,0,0,0,0,0,0,0,0,0,3,0,0,0,0,0,-10,0,0,0,0,0,0,0,0,0,0,0
Benjamin Lauth,Sturm,23,Hamburger SV,0,-2,-6,1,-6,-6,0,0,-6,0,0,-6,5,-8,1,-2,-8,0,2,0,0,0,-10,0,5,5,5,5,-2,0,0,-8,5,-2
Emile Mpenza,Sturm,27,Hamburger SV,5,-2,0,0,0,0,0,0,0,-8,-6,0,0,0,0,3,0,0,0,0,0,0,0,0,0,0,0,0,0,0,0,0,0,0
Naohiro Takahara,Sturm,26,Hamburger SV,0,0,0,0,0,0,0,0,0,0,0,0,0,0,0,0,1,-6,-6,-6,0,-2,0,0,-6,0,0,0,3,0,0,-2,0,0
Robert Enke,Tor,27,Hannover 96,0,8,2,4,2,-4,8,2,4,4,6,2,2,-2,6,6,10,2,2,2,8,6,-6,2,6,2,-2,4,4,6,2,-6,0,0
Morten Jensen,Tor,17,Hannover 96,0,0,0,0,0,0,0,0,0,0,0,0,0,0,0,0,0,0,0,0,0,0,0,0,0,0,0,0,0,0,0,0,0,-4
Frank Juric,Tor,31,Hannover 96,0,0,0,0,0,0,0,0,0,0,0,0,0,0,0,0,0,0,0,0,0,0,0,0,0,0,0,0,0,0,0,0,-2,0
Steven Cherundolo,Abwehr,26,Hannover 96,0,0,0,-2,-4,-4,-6,0,0,0,0,0,2,2,9,0,0,-2,0,0,2,2,2,2,-2,0,0,0,-2,-1,-2,0,-2,-2
Sören Halfar,Abwehr,18,Hannover 96,0,0,0,0,0,0,0,0,1,-2,-4,0,0,0,0,0,0,0,0,0,0,0,0,0,0,0,0,0,0,0,0,0,0,0
Per Mertesacker,Abwehr,20,Hannover 96,-2,4,4,2,6,-4,-2,-1,2,6,-1,-2,0,3,6,4,2,0,0,0,0,2,-4,-4,0,2,-10,2,2,5,-2,7,9,7
Michael Tarnat,Abwehr,35,Hannover 96,9,2,-2,-2,-4,-6,-6,-6,-4,0,0,5,-2,16,4,2,-2,0,0,2,0,2,0,0,0,4,2,0,0,0,0,1,-3,0
Jonas Troest,Abwehr,20,Hannover 96,0,0,0,0,0,0,0,0,0,0,0,0,0,0,0,0,0,0,-2,-2,0,0,0,-4,0,0,0,0,0,0,0,0,0,-2
Vinicius,Abwehr,25,Hannover 96,0,0,0,0,0,2,-6,0,0,-2,0,0,0,0,0,0,0,3,-2,2,4,-2,0,-2,0,0,0,-2,0,-4,-2,-2,5,-2
Dariusz Zuraw,Abwehr,32,Hannover 96,-2,0,0,-2,2,-10,0,-2,4,4,-6,-1,-2,0,2,-2,2,0,-2,9,2,-2,0,-2,-2,2,-6,-6,0,0,0,-4,-2,0
Hanno Balitsch,Mittelfeld,24,Hannover 96,0,2,-2,0,0,1,-6,0,-2,-2,-4,-2,5,2,2,-2,-2,0,-2,2,-2,-2,2,0,2,0,2,0,0,8,-4,2,-2,2
Christoph Dabrowski,Mittelfeld,27,Hannover 96,6,0,2,0,-4,-6,-6,-2,5,0,-2,-6,0,2,10,0,0,6,0,0,4,5,0,0,-2,-2,-2,-2,-2,0,-2,0,-2,-1
Michael Delura,Mittelfeld,20,Hannover 96,0,0,0,0,0,0,0,4,0,0,-6,-6,-2,9,-6,-6,0,0,-6,0,1,0,0,-6,0,0,0,0,0,-4,-6,0,0,0
Johannes Dietwald,Mittelfeld,20,Hannover 96,0,0,0,0,0,0,0,0,0,0,0,0,0,0,0,0,0,0,0,0,0,0,0,0,0,0,0,0,0,0,0,0,0,0
Hendrik Hahne,Mittelfeld,19,Hannover 96,0,0,0,0,0,-2,-4,0,0,0,-2,0,0,0,0,0,0,0,0,0,0,0,0,0,0,0,0,0,0,0,0,0,0,0
Altin Lala,Mittelfeld,29,Hannover 96,2,0,2,-2,2,-4,-4,-2,2,-2,-2,-6,0,2,2,-2,-2,-9,0,0,0,0,0,2,-2,2,-2,-2,0,-9,0,-2,-2,3
Sousa Ricardo,Mittelfeld,26,Hannover 96,0,0,0,0,0,0,0,0,9,0,0,0,0,0,0,2,-6,0,1,-6,-6,0,0,0,0,0,0,-4,0,0,0,0,0,0
Silvio Schröter,Mittelfeld,26,Hannover 96,0,0,0,0,0,0,0,0,0,0,0,0,3,0,0,-6,0,0,0,0,0,0,0,0,0,0,-4,-8,0,3,-2,0,0,0
Chavdar Yankov,Mittelfeld,21,Hannover 96,-2,1,0,6,-8,-6,0,0,0,-2,-6,0,2,0,0,0,0,-4,0,-1,6,0,0,0,0,0,0,0,0,0,-6,2,0,8
Thomas Brdaric,Sturm,30,Hannover 96,1,7,-6,-4,-4,6,-8,-2,12,-4,0,3,0,12,-4,3,-6,-6,-6,0,0,3,5,-3,-6,-5,-6,-6,-4,0,-2,-2,-4,-6
Thomas Christiansen,Sturm,32,Hannover 96,0,0,0,0,0,0,0,0,0,0,0,0,0,0,0,0,0,0,0,0,0,0,0,3,0,0,0,0,0,0,0,0,0,0
Vahid Hashemian,Sturm,29,Hannover 96,-6,-4,-1,-1,-8,-6,0,-6,0,0,-8,-4,3,5,-1,0,-2,-4,-4,3,-4,2,-2,-6,-6,5,-6,-6,-6,0,0,0,0,0
Mohamadou Idrissou,Sturm,25,Hannover 96,0,0,0,0,0,0,0,0,0,0,0,-6,0,0,0,0,0,0,0,0,0,0,0,0,0,0,0,0,0,0,0,0,0,0
Fabian Montabell,Sturm,20,Hannover 96,0,0,0,0,0,0,0,0,0,0,0,0,0,0,0,0,0,0,0,0,0,0,0,0,0,0,0,0,0,0,0,0,0,0
Jiri Stajner,Sturm,29,Hannover 96,-4,-2,5,10,-2,-1,-8,0,14,0,-5,-4,-4,1,5,5,-2,-4,3,-1,-2,2,5,-2,-2,6,2,-4,-2,12,-2,-2,0,0
Daniel Stendel,Sturm,31,Hannover 96,0,0,0,0,0,0,0,0,0,0,0,0,0,0,0,0,0,0,0,0,0,0,0,0,0,0,0,0,0,0,0,0,-4,0
Thomas Ernst,Tor,37,1. FC Kaiserslautern,0,0,0,0,0,0,0,0,0,0,2,0,-6,0,0,0,0,0,0,0,0,0,0,0,0,0,0,0,0,0,0,0,0,0
Florian Fromlowitz,Tor,19,1. FC Kaiserslautern,0,0,0,0,0,0,0,0,0,0,0,0,0,0,0,0,0,0,0,0,0,0,8,6,2,6,6,6,6,-4,2,0,6,4
Jürgen Macho,Tor,27,1. FC Kaiserslautern,0,-2,8,-2,4,0,0,2,-2,-4,0,0,0,-6,-2,0,2,2,2,-2,6,6,6,0,0,0,0,0,0,0,0,0,0,0
Mathieu Beda,Abwehr,24,1. FC Kaiserslautern,0,0,0,0,0,0,0,0,0,0,0,0,0,0,0,0,0,-2,-1,-4,2,0,2,0,2,-2,4,0,-6,-4,0,-2,5,-2
Stefan Blank,Abwehr,28,1. FC Kaiserslautern,-2,-2,-2,-8,0,0,-2,-11,0,-6,-4,-4,3,0,-8,-2,0,0,0,0,0,0,0,0,0,0,-2,-6,0,0,-6,0,0,0
Steffen Bohl,Abwehr,21,1. FC Kaiserslautern,0,0,0,0,0,0,0,0,0,0,0,0,0,0,0,0,0,0,0,0,0,0,0,0,0,0,0,0,0,0,0,0,0,-2
Ingo Hertzsch,Abwehr,28,1. FC Kaiserslautern,-2,0,0,0,0,-8,-2,-6,-6,0,0,-6,0,-6,-6,-4,-6,0,0,0,2,-2,-2,0,0,-6,-2,-6,-6,2,-2,-2,2,2
Inge Jon Höiland,Abwehr,27,1. FC Kaiserslautern,0,0,0,0,0,0,0,0,0,0,0,0,0,0,0,0,0,-4,-2,1,0,0,-1,-6,0,-6,-2,-8,0,0,0,0,0,0
Nzelo Hervé Lembi,Abwehr,29,1. FC Kaiserslautern,-4,7,2,-6,-2,0,0,-6,0,0,0,-6,-8,-10,-2,0,6,0,2,2,0,0,5,2,-2,-6,2,-8,-8,0,2,0,2,-2
Lucien Mettomo,Abwehr,28,1. FC Kaiserslautern,-2,-4,0,-6,0,-2,-2,0,-6,0,0,-6,0,0,0,0,0,0,0,0,0,0,0,0,0,0,0,0,0,0,0,0,0,0
Marcelo Pletsch,Abwehr,29,1. FC Kaiserslautern,0,-3,0,-6,0,-6,-2,-6,-8,-1,-6,0,-8,-6,-6,-4,-2,-4,-2,0,0,0,0,0,0,0,0,1,0,0,0,0,2,-2
Fabian Schönheim,Abwehr,18,1. FC Kaiserslautern,0,0,0,0,0,0,0,0,0,0,2,-6,0,0,-4,-2,-2,0,0,7,2,2,4,6,0,0,0,0,-6,-2,0,0,2,0
Timo Wenzel,Abwehr,27,1. FC Kaiserslautern,0,0,0,0,-4,-4,0,0,-8,-6,0,0,0,0,0,0,0,0,0,0,0,0,0,0,0,0,0,0,0,0,0,0,0,0
Axel Bellinghausen,Mittelfeld,22,1. FC Kaiserslautern,0,0,0,0,0,0,-2,-4,0,0,0,0,0,-6,-6,3,0,-6,0,-4,0,0,0,0,0,-8,0,-8,-8,-6,2,-2,2,1
Balazs Borbely,Mittelfeld,25,1. FC Kaiserslautern,0,0,0,0,0,0,0,0,0,0,0,0,0,0,0,0,0,0,0,0,-2,-4,-2,1,-6,-6,0,0,0,0,0,0,0,0
Marco Engelhardt,Mittelfeld,24,1. FC Kaiserslautern,2,-2,3,-4,-6,-8,2,0,-8,-2,6,-6,-2,-6,-6,-2,-4,-4,0,-8,-2,-8,-2,0,-4,0,0,-5,-6,0,-2,-2,2,0
Daniel Halfar,Mittelfeld,17,1. FC Kaiserslautern,0,0,0,0,0,0,0,0,0,0,0,0,0,0,0,0,1,0,18,0,1,0,0,0,0,0,0,-6,0,0,8,0,0,1
Mihail Mikic,Mittelfeld,25,1. FC Kaiserslautern,0,0,0,0,0,0,0,0,0,0,0,0,-6,-6,0,0,0,-4,-2,0,2,-4,0,0,0,-6,1,-6,-8,0,-6,0,0,0
Christian Nerlinger,Mittelfeld,32,1. FC Kaiserslautern,0,0,0,0,0,0,0,0,0,-6,-1,-4,0,0,0,0,0,0,0,0,0,0,0,0,0,0,0,0,0,0,0,0,0,0
Sebastian Reinert,Mittelfeld,18,1. FC Kaiserslautern,0,0,0,0,0,0,0,0,0,0,0,0,0,0,0,0,0,0,4,-4,0,0,0,2,0,-6,0,0,-6,2,2,6,2,-6
Torsten Reuter,Mittelfeld,22,1. FC Kaiserslautern,0,0,0,-2,-2,-6,-2,-6,0,0,0,-2,0,-8,0,0,0,0,0,0,0,0,0,0,0,0,0,0,0,0,0,0,0,0
Thomas Riedl,Mittelfeld,29,1. FC Kaiserslautern,-2,-2,0,0,0,-2,0,-6,1,-6,-2,-6,-3,0,0,0,0,0,0,0,0,0,0,0,0,0,0,0,0,0,0,0,0,0
Jochen Seitz,Mittelfeld,28,1. FC Kaiserslautern,-6,-2,-2,-6,0,0,-6,0,5,-6,0,0,0,-6,4,0,0,0,0,0,0,0,0,0,0,0,0,0,0,0,0,0,0,0
Ciriaco Sforza,Mittelfeld,35,1. FC Kaiserslautern,-2,3,4,-2,-4,-12,0,0,-2,0,0,0,0,0,0,0,0,0,0,0,0,0,0,0,0,0,0,0,0,0,0,0,0,0
Ervin Skela,Mittelfeld,28,1. FC Kaiserslautern,3,3,8,-1,-6,-6,0,-4,-2,-6,-4,-6,-6,-6,-8,-6,-6,-6,-2,-8,6,-8,0,2,-6,2,9,-6,-10,-4,-6,-4,0,-8
Ferydoon Zandi,Mittelfeld,26,1. FC Kaiserslautern,0,0,1,0,0,0,0,0,0,0,-6,0,-6,-8,0,0,0,0,0,0,-6,-1,0,0,0,0,0,0,-6,0,0,0,0,0
Halil Altintop,Sturm,22,1. FC Kaiserslautern,7,19,16,5,-6,-2,0,-4,19,0,-6,-4,-6,-3,-4,0,19,-2,-4,-4,-6,-6,-2,9,-6,-4,12,-4,-4,14,-1,1,9,5
Berkant Göktan,Sturm,24,1. FC Kaiserslautern,0,0,0,0,0,-6,0,0,0,0,3,0,0,0,0,0,0,0,0,0,0,0,0,0,0,0,0,0,0,0,0,0,0,0
Carsten Jancker,Sturm,30,1. FC Kaiserslautern,-4,-2,0,-6,-6,0,0,-6,0,0,0,0,0,0,0,0,0,0,0,0,0,0,0,0,0,0,0,0,0,0,0,0,0,0
Boubacar Sanogo,Sturm,22,1. FC Kaiserslautern,0,3,7,0,0,0,0,0,5,3,-1,-6,-6,-1,-5,5,4,-6,-2,5,8,10,12,-2,-6,-4,-2,-6,-4,0,0,0,0,0
Marcel Ziemer,Sturm,19,1. FC Kaiserslautern,0,0,0,0,0,0,0,0,0,0,0,0,0,0,0,0,0,0,0,0,0,0,0,0,0,0,0,0,0,0,0,7,0,3
Alexander Bade,Tor,34,1. FC Köln,0,0,0,0,0,0,0,0,0,0,0,0,0,0,0,0,0,0,0,0,0,0,4,2,-2,2,2,2,2,2,-4,4,-2,4
Stefan Wessels,Tor,26,1. FC Köln,2,2,4,2,2,2,12,2,2,-6,0,2,2,2,-6,-4,-6,2,6,-2,6,2,0,0,0,0,0,0,0,0,0,0,0,0
Alpay,Abwehr,32,1. FC Köln,0,0,0,3,0,0,0,-6,0,-1,2,2,-2,0,-6,0,0,0,6,-2,2,0,-11,0,-6,-6,-6,-4,2,0,2,0,0,2
Roland Benschneider,Abwehr,24,1. FC Köln,0,0,0,0,0,0,0,0,0,0,0,0,3,2,-2,2,-4,-6,0,0,-2,-12,0,0,0,0,0,0,0,0,0,0,0,0
Carsten Cullmann,Abwehr,29,1. FC Köln,0,0,0,0,0,0,0,0,0,0,0,0,0,0,0,0,0,0,0,0,0,0,0,2,-6,0,-4,-2,-4,-4,-2,-2,-10,-8
Evanilson,Abwehr,29,1. FC Köln,0,0,0,0,0,0,0,0,0,0,0,0,0,0,0,0,0,0,0,0,0,0,0,0,0,-6,-8,0,-6,0,0,0,0,0
Christian Lell,Abwehr,20,1. FC Köln,0,2,-2,0,7,0,-4,-6,-6,-5,-4,-4,-6,-4,0,0,0,0,0,0,-2,-2,-2,8,-9,0,-4,-2,0,-4,0,2,-10,0
Marvin Matip,Abwehr,19,1. FC Köln,-2,0,-4,0,0,-4,0,0,0,0,-1,-2,0,4,-4,0,-2,-8,0,0,-2,0,0,0,1,-6,-6,4,-6,2,-2,-4,-10,-4
Christian Rahn,Abwehr,26,1. FC Köln,0,0,0,-4,-2,0,-2,-6,0,0,-6,-4,0,5,0,0,-6,0,0,0,0,0,0,0,0,0,0,0,-2,0,0,0,0,0
Björn Schlicke,Abwehr,24,1. FC Köln,11,0,0,2,9,0,-2,-2,-6,-2,0,2,-4,-6,-1,0,-10,-6,0,0,0,0,0,0,0,0,0,0,0,0,0,0,0,0
Lukas Sinkiewicz,Abwehr,19,1. FC Köln,0,4,-4,-2,2,0,0,-4,-6,-8,2,-6,1,-2,-2,4,-2,-6,0,-8,0,-2,-6,-2,0,-2,0,2,-2,2,2,0,-10,-2
Patrick Weiser,Abwehr,33,1. FC Köln,-2,-2,0,0,0,0,0,0,0,-6,0,0,0,0,0,0,0,0,0,0,0,0,0,0,0,0,0,0,0,0,0,0,0,0
Boris Zivkovic,Abwehr,29,1. FC Köln,0,0,0,0,0,0,0,0,0,0,0,0,0,0,0,0,0,-8,2,-2,0,2,-6,2,-3,0,0,0,0,0,0,0,0,0
Ricardo Cabanas,Mittelfeld,26,1. FC Köln,0,0,0,0,0,0,0,0,0,0,0,0,0,0,0,0,0,0,2,0,2,-2,-6,-2,-6,-6,-8,-2,-4,-4,2,-2,-6,0
Denis Epstein,Mittelfeld,19,1. FC Köln,0,0,0,0,0,0,0,0,0,0,0,6,8,0,-2,-6,0,0,0,0,0,0,0,0,0,0,0,0,1,0,0,-4,0,-4
Markus Feulner,Mittelfeld,23,1. FC Köln,2,6,-4,2,0,0,0,-2,0,0,0,0,0,0,0,0,0,0,0,0,0,0,0,0,0,0,0,8,-2,0,8,2,-4,0
Dimitrios Grammozis,Mittelfeld,27,1. FC Köln,-2,0,-6,0,0,0,0,0,-6,-7,0,-4,0,-2,0,-2,0,0,-2,3,0,0,-6,0,-2,-6,0,-2,0,0,0,0,0,0
Rolf-Christel Guié-Mien,Mittelfeld,27,1. FC Köln,0,-4,0,0,0,-2,0,0,0,-6,0,0,0,0,0,0,0,0,0,0,0,0,0,0,0,0,0,0,0,0,0,0,0,0
Youssef Mokhtari,Mittelfeld,26,1. FC Köln,0,0,1,4,3,3,-2,-6,-6,0,-2,3,-6,0,0,-1,1,0,0,0,0,0,0,0,0,0,0,0,0,0,0,0,0,0
Matthias Scherz,Mittelfeld,33,1. FC Köln,0,0,4,4,2,-10,0,0,0,-2,6,0,0,-6,0,-2,6,4,-4,-6,0,0,-6,4,-4,-6,0,1,9,-4,-2,0,0,4
Sebastian Schindzielorz,Mittelfeld,26,1. FC Köln,0,0,0,0,0,0,-2,2,-2,-2,0,0,0,0,0,-6,-4,-8,0,0,-2,0,0,0,0,-8,0,0,0,0,0,0,0,0
Andrew Sinkala,Mittelfeld,26,1. FC Köln,-2,-1,0,-2,0,-8,-6,0,0,-8,0,0,0,0,0,-2,0,0,0,0,0,0,0,0,0,0,0,0,0,0,0,0,0,0
Christian Springer,Mittelfeld,34,1. FC Köln,-2,-1,-6,0,0,0,0,0,-4,0,0,0,0,0,0,0,2,-6,-4,-6,-6,0,0,2,0,-8,2,0,0,0,0,0,-6,0
Albert Streit,Mittelfeld,25,1. FC Köln,0,12,-1,-2,0,-2,-2,-1,2,2,-2,2,3,-8,-6,0,1,-2,0,-6,0,-4,-4,4,6,0,3,6,2,2,8,0,-4,0
Patrick Helmes,Sturm,21,1. FC Köln,0,0,0,0,0,3,0,3,0,0,0,0,0,0,0,0,0,0,0,0,0,0,0,0,0,0,0,0,3,0,1,2,-2,6
Anthony Lurling,Sturm,28,1. FC Köln,0,0,0,2,0,-2,-2,-6,-2,-6,0,0,0,0,0,-2,-6,0,0,0,0,0,0,0,0,0,0,0,0,0,0,0,0,0
Peter Madsen,Sturm,27,1. FC Köln,-4,0,-8,0,0,0,-2,-6,-5,0,0,0,0,0,0,0,0,0,0,0,0,0,0,0,0,0,0,0,0,0,0,0,0,0
Lukas Podolski,Sturm,20,1. FC Köln,-4,7,-3,-2,9,-4,0,-2,-6,-3,-6,-6,0,3,-3,0,0,2,-2,-1,0,-4,-6,15,1,-6,-6,2,1,7,13,0,-6,12
Marco Streller,Sturm,24,1. FC Köln,0,6,0,0,0,0,0,0,-1,1,-4,0,0,0,0,0,0,-5,-6,12,0,0,-6,5,2,0,-6,0,0,0,-4,-6,0,1
Imre Szabics,Sturm,24,1. FC Köln,0,0,0,0,0,0,0,0,0,0,0,0,0,0,-6,5,0,0,0,0,0,0,0,0,0,-6,-14,0,0,0,0,0,0,0
Attila Tököli,Sturm,29,1. FC Köln,1,0,0,0,0,0,0,0,0,0,0,0,0,0,0,0,0,0,0,0,0,0,0,0,0,0,0,0,0,0,0,0,0,0
Jörg Butt,Tor,31,Bayer 04 Leverkusen,2,-6,2,10,2,2,6,2,2,6,2,4,2,4,0,2,4,14,2,4,-8,-2,4,2,2,-6,8,2,4,2,12,2,2,-2
Jan-Ingwer Callsen-Bracker,Abwehr,20,Bayer 04 Leverkusen,0,0,0,0,0,0,0,0,0,0,0,0,0,0,0,0,0,0,0,0,0,0,0,0,0,0,0,0,0,0,0,0,0,0
Sascha Dum,Abwehr,19,Bayer 04 Leverkusen,0,0,0,0,0,0,0,0,0,0,0,0,0,0,0,0,0,0,0,0,0,0,0,0,0,0,0,0,0,0,0,0,0,0
Paul Freier,Abwehr,26,Bayer 04 Leverkusen,3,-4,-6,0,0,0,0,2,0,-6,-3,0,-2,-4,-6,-2,2,11,0,0,-6,9,5,4,-4,5,7,9,9,-1,9,1,0,3
Juan,Abwehr,26,Bayer 04 Leverkusen,0,-6,-6,3,7,6,0,0,-6,-8,-6,9,2,-2,-6,1,-2,2,-4,4,-6,-2,2,0,-2,0,2,4,0,0,4,13,5,0
Ahmed Madouni,Abwehr,24,Bayer 04 Leverkusen,0,0,0,0,0,0,-2,-6,0,0,0,0,0,0,0,-4,0,2,0,11,-10,0,0,0,-2,-6,0,0,0,0,0,0,0,0
Jens Nowotny,Abwehr,31,Bayer 04 Leverkusen,0,0,0,0,0,0,0,0,0,0,0,0,0,0,0,0,0,0,0,0,0,0,4,2,-2,0,4,6,6,2,0,-2,6,2
Junior Roque,Abwehr,28,Bayer 04 Leverkusen,0,-6,-8,0,0,4,2,-2,-6,-2,-6,2,5,2,-4,0,0,0,0,0,0,0,0,0,0,0,0,0,0,0,0,0,0,-2
Fredrik Stenman,Abwehr,22,Bayer 04 Leverkusen,0,0,0,0,0,0,0,0,0,0,0,0,0,0,0,0,0,-4,0,3,-4,0,2,0,-6,0,0,2,2,4,0,1,2,0
Athirson,Mittelfeld,28,Bayer 04 Leverkusen,-1,-6,0,-4,14,3,-2,1,-4,-3,-2,0,0,-6,0,0,0,-1,-2,-2,-6,0,0,0,0,0,0,0,0,0,0,0,0,0
Marko Babic,Mittelfeld,24,Bayer 04 Leverkusen,0,4,-3,0,0,0,-2,-6,-4,-2,-2,0,0,0,-6,-4,2,0,0,0,0,2,0,0,-2,-6,1,0,0,0,0,0,0,0
Tranquillo Barnetta,Mittelfeld,20,Bayer 04 Leverkusen,0,0,0,-4,0,0,0,0,4,6,6,3,0,2,-2,-2,-2,0,-6,8,-6,11,3,5,-4,-2,0,8,4,0,3,4,-2,0
Gonzalo Castro,Mittelfeld,18,Bayer 04 Leverkusen,0,-4,2,0,-2,1,4,-4,0,2,-2,6,2,-4,0,0,-4,0,0,0,0,0,0,0,0,0,0,0,0,0,0,0,0,0
Clemens Fritz,Mittelfeld,24,Bayer 04 Leverkusen,0,0,0,4,0,0,0,-6,-8,0,0,-2,2,0,-4,-2,-2,0,0,0,0,-2,2,6,-6,-6,0,8,0,-2,-2,-2,2,-4
Jacek Krzynowek,Mittelfeld,29,Bayer 04 Leverkusen,6,-2,0,0,0,0,0,-6,-6,0,0,2,-2,-6,0,0,0,0,0,0,6,1,4,0,-8,0,0,0,0,0,0,0,0,-2
Carsten Ramelow,Mittelfeld,31,Bayer 04 Leverkusen,2,-4,0,2,-4,2,-4,-2,-2,0,0,0,0,0,-2,2,0,2,0,2,-8,0,0,0,0,-6,4,6,7,0,-2,6,-2,2
Simon Rolfes,Mittelfeld,23,Bayer 04 Leverkusen,0,0,0,0,-2,6,8,0,-4,2,0,0,6,0,-2,2,-2,-6,-6,1,-2,-2,6,2,-6,-2,0,7,3,14,10,-4,-2,6
Bernd Schneider,Mittelfeld,31,Bayer 04 Leverkusen,8,-6,2,2,-2,-6,0,0,-4,2,0,-2,2,0,0,8,2,-2,4,4,5,2,5,0,-6,-6,6,7,2,0,2,9,-2,1
Dimitar Berbatov,Sturm,24,Bayer 04 Leverkusen,9,6,5,7,5,-2,-2,-2,-4,-6,-3,1,-2,-6,3,-2,-2,-1,-6,5,9,10,7,7,-6,-6,10,21,11,3,3,12,12,5
Danko Lazovic,Sturm,22,Bayer 04 Leverkusen,0,0,0,0,1,0,0,-6,0,0,0,0,0,0,0,0,0,0,0,0,0,0,0,0,0,0,0,0,0,0,0,0,0,0
Michal Papadopulos,Sturm,20,Bayer 04 Leverkusen,0,0,0,0,0,0,0,0,0,0,0,0,0,0,0,0,0,0,0,0,0,0,0,0,-8,0,0,0,0,0,0,0,0,0
Josip Tadic,Sturm,17,Bayer 04 Leverkusen,0,0,0,0,0,0,0,0,0,0,0,0,0,0,0,0,0,0,0,0,0,0,0,0,0,0,0,0,0,0,0,0,0,0
Andrey Voronin,Sturm,26,Bayer 04 Leverkusen,13,-1,-6,2,2,5,-4,3,-2,0,3,-2,0,0,-2,0,-6,-4,-2,1,12,0,9,0,0,-5,0,0,0,-4,0,0,1,0
Jonas Sela,Tor,21,1. FSV Mainz 05,0,0,0,0,0,0,0,0,0,0,0,0,0,0,0,0,0,0,0,0,0,0,0,0,0,0,0,0,0,0,0,2,0,0
Dimo Wache,Tor,31,1. FSV Mainz 05,6,4,2,-2,2,2,6,6,0,-4,4,0,6,6,0,6,2,0,0,0,0,0,0,0,0,0,0,0,0,0,0,0,-2,8
Christian Wetklo,Tor,25,1. FSV Mainz 05,0,0,0,0,0,0,0,0,0,0,0,0,0,0,0,0,0,2,-4,-4,-2,4,4,0,4,6,0,2,6,4,2,4,0,0
Mathias Abel,Abwehr,24,1. FSV Mainz 05,-4,-2,-6,-4,-2,-2,0,0,0,0,0,0,0,0,0,0,0,0,0,0,-2,-2,2,-6,3,3,-2,-6,0,0,0,-2,2,0
Tamas Bodog,Abwehr,34,1. FSV Mainz 05,0,0,0,0,0,0,0,0,0,0,0,0,0,0,0,0,0,0,0,0,0,0,0,0,0,0,0,0,0,0,0,0,0,0
Christian Demirtas,Abwehr,21,1. FSV Mainz 05,0,0,0,0,0,0,0,0,4,-2,0,-4,2,0,2,-4,-2,0,-6,-2,0,2,0,-2,0,0,2,-4,-2,-4,0,-2,0,0
Manuel Friedrich,Abwehr,25,1. FSV Mainz 05,0,-2,2,0,-4,2,2,-2,0,7,2,7,6,0,4,2,-2,2,-6,-6,-4,-4,0,-2,-2,4,1,-6,0,0,7,4,6,0
Nikolce Noveski,Abwehr,26,1. FSV Mainz 05,2,4,-2,2,9,2,4,-2,2,0,0,2,3,-6,-2,0,-6,2,-4,-4,-2,-2,-6,0,0,6,0,0,0,2,-2,6,2,-2
Marco Rose,Abwehr,28,1. FSV Mainz 05,0,0,-4,0,0,0,0,0,0,0,2,0,2,0,0,0,0,0,-2,-2,0,0,0,0,2,0,0,-6,0,0,2,2,0,0
Benjamin Weigelt,Abwehr,22,1. FSV Mainz 05,-6,-2,0,-2,-2,-2,2,2,-2,-2,3,-2,0,-2,2,-4,-6,-2,-2,0,-2,-2,-6,-6,0,0,0,0,-6,0,0,0,0,0
Otto Addo,Mittelfeld,30,1. FSV Mainz 05,0,0,0,-2,0,0,0,0,0,-2,0,0,0,0,0,0,0,1,1,0,-4,0,0,0,0,0,0,-2,-2,0,0,0,0,0
Christof Babatz,Mittelfeld,30,1. FSV Mainz 05,-2,-2,-4,-4,-6,0,0,0,0,0,0,0,0,0,0,0,0,0,0,-8,0,0,0,0,0,0,-2,-4,0,0,0,-2,0,-8
Antonio Silva da,Mittelfeld,27,1. FSV Mainz 05,4,0,-4,-4,-2,1,-2,0,8,3,8,-1,5,6,10,-2,6,5,-2,-6,-2,4,-2,-4,-2,-2,2,0,-6,-2,6,4,2,2
Tom Geißler,Mittelfeld,21,1. FSV Mainz 05,0,0,0,0,1,0,0,2,0,0,0,0,0,0,0,0,0,0,0,0,0,0,0,0,0,0,0,0,0,0,0,0,0,-2
Fabian Gerber,Mittelfeld,25,1. FSV Mainz 05,-6,0,0,3,2,-6,-4,0,0,0,6,-2,-4,0,0,-2,-4,0,0,0,0,0,0,0,0,0,0,-6,0,-6,0,2,0,0
Milorad Pekovic,Mittelfeld,27,1. FSV Mainz 05,0,0,0,0,0,-2,2,-2,0,2,2,-2,2,4,0,-6,-6,0,-6,-4,2,2,-2,0,2,0,0,0,-2,-2,2,0,4,0
Dennis Weiland,Mittelfeld,30,1. FSV Mainz 05,0,0,0,0,0,0,0,0,0,0,0,0,0,0,0,0,0,0,0,0,0,0,0,0,0,0,0,0,0,0,0,0,0,0
Benjamin Auer,Sturm,24,1. FSV Mainz 05,-4,-4,-4,0,0,3,0,0,0,0,7,3,-6,7,10,-2,-4,8,-4,-6,-6,-2,-4,0,-1,2,-2,0,-6,-6,0,14,5,0
Conor Casey,Sturm,24,1. FSV Mainz 05,0,0,0,0,0,0,0,0,0,0,0,0,0,0,0,0,0,0,0,0,0,0,0,0,0,0,7,-2,-6,0,-2,-1,0,0
Tobias Damm,Sturm,21,1. FSV Mainz 05,0,0,0,0,0,0,0,0,0,0,0,0,0,0,0,0,0,0,0,0,0,0,0,0,0,0,0,0,0,0,0,0,0,0
Ranisav Jovanovic,Sturm,24,1. FSV Mainz 05,0,0,0,0,0,0,0,0,0,0,0,0,0,0,0,0,0,0,0,0,0,0,0,0,0,0,0,0,0,0,0,0,0,0
Romulo,Sturm,23,1. FSV Mainz 05,0,0,0,0,-6,0,0,0,0,0,0,0,0,0,0,-6,0,0,0,0,0,0,0,0,0,0,0,0,0,0,0,0,0,0
Petr Ruman,Sturm,28,1. FSV Mainz 05,-4,-6,-4,3,-2,-4,1,2,15,-2,2,-4,5,-2,8,-2,0,0,0,0,0,0,0,0,1,0,0,-4,0,0,0,0,0,0
Michael Thurk,Sturm,29,1. FSV Mainz 05,-2,-4,2,-6,4,6,2,0,3,0,7,-1,-6,-4,12,-2,-4,17,0,-3,-2,-1,-4,7,14,3,8,2,-4,0,0,5,-4,0
Niclas Weiland,Sturm,33,1. FSV Mainz 05,0,0,0,0,0,0,0,0,2,0,0,0,-6,0,0,0,0,0,8,0,0,-6,-6,-4,0,0,-2,0,0,0,0,0,0,0
Mohamed Zidan,Sturm,23,1. FSV Mainz 05,0,0,0,-4,0,-8,9,-2,0,0,0,0,3,0,11,-4,-4,7,5,-1,-4,0,2,-3,3,14,2,0,0,-2,9,-6,1,0
Darius Kampa,Tor,28,Bor. Mönchengladbach,0,0,0,4,0,0,0,0,0,0,0,0,0,0,0,0,0,0,0,0,0,0,0,0,0,0,0,0,0,0,0,0,0,0
Kasey Keller,Tor,35,Bor. Mönchengladbach,0,2,4,0,4,8,4,6,6,2,-2,4,4,4,4,6,2,0,2,6,6,2,2,0,0,2,0,6,2,2,6,2,4,4
Kasper Bögelund,Abwehr,24,Bor. Mönchengladbach,-2,3,9,0,0,0,0,0,0,0,0,0,0,-2,-6,0,0,0,0,0,-2,2,-6,0,0,0,-4,0,0,0,0,0,0,0
Marvin Compper,Abwehr,20,Bor. Mönchengladbach,0,0,0,0,0,0,0,2,0,0,0,0,0,0,0,0,0,0,0,0,0,0,0,0,0,0,0,0,0,0,-2,0,0,0
Filip Daems,Abwehr,26,Bor. Mönchengladbach,0,0,-4,2,-6,0,2,0,0,0,0,0,0,0,-2,-2,-2,-4,0,0,0,0,0,0,-4,0,-4,6,-4,0,0,-6,-2,2
Hassan Fakiri El,Abwehr,28,Bor. Mönchengladbach,0,0,0,-4,-4,0,5,0,5,12,0,0,-3,1,-6,-2,4,-6,-6,-2,-2,-2,-2,-2,-6,-2,-4,0,0,0,-6,-4,0,0
Milan Fukal,Abwehr,30,Bor. Mönchengladbach,0,0,0,0,-6,0,4,-2,2,-2,-2,0,-4,0,0,-2,0,-6,0,0,0,0,0,0,0,7,-4,0,0,-2,-6,-2,-4,0
Thomas Helveg,Abwehr,34,Bor. Mönchengladbach,-6,0,2,-6,-8,0,0,0,0,0,0,0,0,0,0,0,0,0,0,0,0,0,0,0,0,0,0,0,0,0,0,0,0,0
Jeff Strasser,Abwehr,30,Bor. Mönchengladbach,-6,-4,-2,0,0,0,2,0,-4,9,-2,2,2,-2,0,2,-2,-6,-2,0,0,2,-2,0,0,0,-2,2,-2,2,0,0,0,0
Bo Svensson,Abwehr,25,Bor. Mönchengladbach,0,0,0,0,0,0,0,0,0,0,0,0,0,0,0,0,0,0,0,2,9,-2,2,2,-6,2,-6,0,0,0,-2,-4,2,0
Antonio Zé,Abwehr,28,Bor. Mönchengladbach,-2,2,4,9,-2,0,2,9,6,2,-2,-2,2,-2,-2,0,0,-6,-4,4,0,0,0,2,-4,2,-6,2,0,-4,0,7,-2,0
Jörg Böhme,Mittelfeld,31,Bor. Mönchengladbach,0,0,0,0,0,0,0,0,0,0,0,0,0,0,0,0,0,0,0,0,0,0,0,0,0,-4,0,0,0,0,0,0,0,0
Thomas Broich,Mittelfeld,24,Bor. Mönchengladbach,-2,-2,0,2,3,6,-2,0,2,2,-2,0,0,0,0,-2,-2,0,0,-2,-2,6,0,0,0,-4,0,-2,-6,0,2,0,0,0
Robert Fleßers,Mittelfeld,18,Bor. Mönchengladbach,0,0,0,0,0,0,0,0,0,0,0,0,0,0,0,0,0,0,0,0,0,0,0,0,0,0,0,0,0,0,0,0,-1,0
Marcell Jansen,Mittelfeld,19,Bor. Mönchengladbach,2,-2,2,2,-4,3,2,0,2,-2,-4,2,0,0,0,6,10,-2,0,0,0,-2,-4,8,-4,4,-4,2,2,3,-2,-2,6,6
Peer Kluge,Mittelfeld,24,Bor. Mönchengladbach,-2,-2,0,0,0,5,10,6,10,8,-2,-2,2,-2,-2,0,-2,-2,-2,-2,0,4,0,0,0,-2,0,0,0,0,1,3,0,0
Krisztian Lisztes,Mittelfeld,29,Bor. Mönchengladbach,0,0,0,-6,-6,-6,0,0,0,0,0,0,0,0,0,0,0,0,0,0,0,0,0,0,0,0,0,0,0,0,0,0,0,0
Niels Kamphuis Oude,Mittelfeld,27,Bor. Mönchengladbach,-2,-2,0,1,-6,-2,3,0,2,0,0,0,0,0,0,0,0,0,0,0,0,0,0,0,0,0,0,-2,0,-7,0,0,0,0
Eugen Polanski,Mittelfeld,19,Bor. Mönchengladbach,0,0,0,0,0,0,0,0,0,0,0,0,8,-4,-4,2,2,-1,0,2,-3,0,4,2,-4,-1,0,2,-2,0,0,-1,0,0
Bernd Thijs,Mittelfeld,27,Bor. Mönchengladbach,0,0,0,0,0,0,0,0,0,0,-6,2,0,-4,-4,0,0,0,-2,0,0,0,0,0,0,-6,0,0,0,0,0,0,0,0
Giovane Elber,Sturm,33,Bor. Mönchengladbach,0,0,0,0,0,0,0,0,0,0,0,0,0,0,0,0,0,0,0,0,0,0,0,0,0,0,0,0,0,0,0,0,0,0
Marek Heinz,Sturm,27,Bor. Mönchengladbach,-2,-6,-6,0,0,0,0,0,0,0,0,0,0,0,0,0,0,0,0,0,0,0,0,0,0,0,0,0,0,0,0,0,0,0
Kahe,Sturm,22,Bor. Mönchengladbach,0,0,0,5,-6,-4,-2,-6,-2,-2,-4,-2,-2,1,-6,5,0,0,0,-4,-6,0,0,0,0,0,-6,0,-6,0,0,0,0,0
Bekim Kastrati,Sturm,26,Bor. Mönchengladbach,0,0,0,0,0,0,0,0,0,0,0,0,0,0,0,0,0,0,0,0,0,0,0,0,0,0,0,0,0,0,0,0,0,0
Oliver Neuville,Sturm,32,Bor. Mönchengladbach,-2,-2,-1,7,-1,2,7,1,0,9,5,0,0,-1,-2,1,15,-6,-4,-2,-2,3,-4,1,-4,-4,0,1,-6,5,1,0,-2,5
Nando Rafael,Sturm,21,Bor. Mönchengladbach,-1,-6,-6,0,0,3,0,0,-4,-6,3,10,-6,-6,0,0,0,0,-6,0,-4,-2,0,0,0,0,0,14,-2,-2,-6,-4,1,3
Wesley Sonck,Sturm,26,Bor. Mönchengladbach,0,0,0,0,0,0,0,0,0,0,0,0,0,0,0,0,0,3,-6,0,0,-2,0,9,-6,-6,-6,0,0,0,0,3,7,-2
Vaclav Sverkos,Sturm,21,Bor. Mönchengladbach,-2,-6,0,0,0,0,0,0,0,0,1,0,0,0,0,0,3,0,-6,-2,-3,-3,-6,-8,0,0,0,0,0,0,0,0,0,0
Bernd Dreher,Tor,38,Bayern München,0,0,0,0,0,0,0,2,0,0,0,0,0,0,0,0,0,0,0,0,0,0,0,0,0,0,0,0,0,0,0,0,0,0
Oliver Kahn,Tor,36,Bayern München,2,6,2,-6,2,4,4,0,2,2,6,2,2,6,4,6,-2,2,2,10,4,2,0,-6,4,0,0,-6,2,0,4,2,2,2
Michael Rensing,Tor,21,Bayern München,0,0,0,0,0,0,0,0,0,0,0,0,0,0,0,0,0,0,0,0,0,2,2,0,0,0,4,2,0,2,0,0,0,0
Martin Demichelis,Abwehr,24,Bayern München,5,5,0,0,9,4,-4,0,-2,0,2,2,0,-4,2,0,2,4,2,-2,0,0,2,-2,-2,-2,0,0,-6,0,-2,4,0,0
Valerien Ismael,Abwehr,29,Bayern München,-5,0,4,0,2,2,-4,2,4,2,2,-2,2,0,4,4,2,2,0,0,0,4,0,2,2,2,2,-2,0,-2,0,0,0,-6
Philipp Lahm,Abwehr,21,Bayern München,0,0,0,0,0,0,0,0,0,0,0,0,0,4,2,0,0,0,0,4,0,-2,2,-4,4,2,2,0,2,5,0,2,-4,0
Bixente Lizarazu,Abwehr,35,Bayern München,2,0,2,2,0,0,-2,0,0,0,0,0,0,0,-2,0,-2,4,2,0,2,-2,3,0,0,0,-4,0,0,0,0,0,0,2
Lucio,Abwehr,27,Bayern München,2,2,4,9,4,2,-2,13,6,2,11,-2,2,0,0,2,6,4,2,-2,2,0,2,2,0,0,4,-4,0,2,-2,7,2,3
Willy Sagnol,Abwehr,28,Bayern München,4,3,6,3,3,4,0,2,0,2,4,2,-4,2,2,2,0,5,5,0,0,3,2,-4,0,3,0,7,-2,2,1,0,2,1
Michael Ballack,Mittelfeld,28,Bayern München,-2,6,9,8,0,0,-6,0,-2,10,4,2,0,0,0,8,0,10,10,-4,8,6,16,-3,2,-2,0,-1,-2,8,0,0,-1,8
Sebastian Deisler,Mittelfeld,25,Bayern München,-4,0,0,0,-6,-2,0,-6,0,0,3,0,-2,4,-12,0,0,0,0,-4,0,0,8,-6,0,0,0,0,0,0,0,0,0,0
Julio Santos dos,Mittelfeld,22,Bayern München,0,0,0,0,0,0,0,0,0,0,0,0,0,0,0,0,0,0,0,0,0,0,0,0,0,0,0,0,0,0,0,0,0,1
Owen Hargreaves,Mittelfeld,24,Bayern München,12,4,2,6,0,0,0,0,0,0,0,0,0,2,2,0,-4,0,0,0,0,0,0,0,0,2,-2,-2,0,2,2,5,0,0
Jens Jeremies,Mittelfeld,31,Bayern München,1,0,2,0,0,0,0,0,0,2,0,0,0,0,0,0,0,0,0,0,0,0,0,0,0,0,0,0,0,0,0,0,0,2
Ali Karimi,Mittelfeld,26,Bayern München,2,13,0,-2,-4,7,-6,-2,0,0,0,0,0,-2,0,-3,6,0,0,-6,0,4,0,0,0,0,0,0,0,0,0,0,0,0
Andreas Ottl,Mittelfeld,20,Bayern München,0,-2,0,0,0,0,0,0,2,0,0,0,0,0,0,0,4,0,0,0,0,0,0,0,0,0,0,0,0,0,0,0,8,0
Hasan Salihamidzic,Mittelfeld,28,Bayern München,-2,1,0,0,0,-2,-6,0,-4,0,0,0,0,0,0,0,0,7,-2,0,0,0,0,-2,-2,6,11,-2,-6,-2,0,0,0,0
Mehmet Scholl,Mittelfeld,34,Bayern München,0,0,4,0,0,2,0,3,0,3,0,0,-6,0,0,0,0,0,0,0,0,0,0,4,0,0,-2,0,0,10,0,0,0,0
Bastian Schweinsteiger,Mittelfeld,21,Bayern München,0,0,0,2,-2,0,0,2,0,4,-1,8,-6,7,-2,0,0,0,0,-4,-4,-2,-2,-2,-4,0,1,0,0,-2,-2,8,6,8
Roberto Zé,Mittelfeld,31,Bayern München,0,3,-2,0,-2,0,-6,-2,7,11,0,5,-6,0,0,3,3,2,4,0,2,-2,0,0,0,-2,-2,-4,4,0,0,2,-2,0
Paolo José Guerrero,Sturm,21,Bayern München,0,0,0,7,-6,3,-2,1,0,0,0,0,2,0,0,0,0,0,0,0,0,0,18,0,-6,-8,0,-1,0,0,0,0,0,0
Roy Makaay,Sturm,30,Bayern München,12,19,7,0,-6,0,-6,-4,-4,-2,-6,5,-6,3,-6,3,-6,16,2,-4,8,2,0,-6,0,10,10,5,-4,-6,13,3,0,5
Claudio Pizarro,Sturm,26,Bayern München,0,0,-4,-2,0,0,0,0,0,3,-6,14,12,14,0,0,10,2,-2,-4,3,-2,7,-4,-6,7,3,0,-2,3,0,7,-2,0
Roque Cruz Santa,Sturm,23,Bayern München,1,-4,0,-2,0,0,0,5,5,10,-6,0,0,0,0,0,0,0,0,0,0,0,0,0,0,0,0,0,0,0,0,7,-2,2
Raphael Schäfer,Tor,26,1. FC Nürnberg,-2,6,4,6,0,6,2,2,-6,2,-2,4,0,2,4,2,4,4,2,6,2,2,-2,6,-2,6,4,2,6,8,0,2,4,6
Philipp Tschauner,Tor,19,1. FC Nürnberg,0,0,0,0,0,0,0,0,0,2,0,0,0,0,0,0,0,0,0,0,0,0,0,0,0,0,0,0,0,0,0,0,0,0
Bartosz Bosacki,Abwehr,29,1. FC Nürnberg,-6,-2,0,0,0,0,0,2,0,0,0,0,0,0,-6,0,0,0,0,0,0,0,0,0,0,0,0,0,0,0,0,0,0,0
Mario Cantaluppi,Abwehr,31,1. FC Nürnberg,-6,-2,-2,0,0,3,-2,7,-4,-4,-2,0,4,0,5,4,2,0,0,0,4,2,-2,-2,-4,7,2,8,6,-6,-1,3,2,0
Glauber,Abwehr,21,1. FC Nürnberg,0,0,0,0,0,0,0,0,0,0,0,0,0,0,0,0,0,0,0,0,0,2,0,4,-2,-2,2,-2,-3,0,0,2,2,-2
Benjamin Lense,Abwehr,26,1. FC Nürnberg,-2,2,-4,-2,-2,-2,-2,0,-6,0,-1,-2,0,0,0,0,0,0,0,0,0,0,0,0,0,0,0,0,0,0,0,0,0,0
Marek Nikl,Abwehr,29,1. FC Nürnberg,0,0,-2,2,0,2,-9,0,-8,0,0,0,0,2,5,2,0,6,2,0,0,4,-2,6,-4,2,0,2,-2,-6,3,0,0,0
Thomas Paulus,Abwehr,23,1. FC Nürnberg,0,0,0,0,-2,0,2,2,-6,2,-6,0,2,-2,0,-2,0,0,0,0,0,0,0,0,0,0,0,0,0,7,0,0,0,0
Javier Pinola,Abwehr,22,1. FC Nürnberg,0,0,-2,7,0,6,-2,0,0,0,0,0,0,0,-4,0,-2,0,-2,0,0,-2,-2,2,-3,0,0,6,0,0,0,4,0,4
Dominik Reinhardt,Abwehr,20,1. FC Nürnberg,0,0,0,0,0,0,0,4,-6,-1,0,0,-2,0,0,0,0,4,-2,0,0,2,-4,2,-4,4,0,2,-2,3,-2,0,0,-2
Andreas Wolf,Abwehr,23,1. FC Nürnberg,0,0,0,0,0,2,0,0,0,0,-6,-4,-2,0,0,3,-2,-4,0,-2,-4,0,-2,0,0,0,0,0,0,-4,-6,-2,0,0
Ivica Banovic,Mittelfeld,24,1. FC Nürnberg,0,0,0,-2,-2,0,0,3,-6,4,-2,-2,6,-2,-2,-2,3,2,0,0,0,0,-9,0,0,0,0,0,0,0,-2,0,1,0
Adel Chedli,Mittelfeld,28,1. FC Nürnberg,-4,0,0,0,-2,0,0,0,0,0,0,0,0,0,0,0,0,0,0,0,0,-2,0,0,0,0,0,0,0,0,0,0,0,0
Jan Kristiansen,Mittelfeld,23,1. FC Nürnberg,0,0,0,0,0,0,0,0,0,0,0,0,0,0,0,0,0,0,0,-2,0,0,0,0,0,0,0,0,0,0,0,0,1,0
Marek Mintal,Mittelfeld,27,1. FC Nürnberg,-4,0,-6,0,0,0,0,0,0,0,0,0,0,0,0,0,0,0,0,0,0,0,0,0,0,0,0,0,0,0,0,0,0,0
Jawhar Mnari,Mittelfeld,28,1. FC Nürnberg,-6,-6,0,0,0,0,0,0,0,0,0,0,0,-1,-2,0,-2,0,0,0,0,0,-2,0,-4,0,-2,2,-2,-2,4,-4,6,2
Lars Müller,Mittelfeld,29,1. FC Nürnberg,-4,2,-2,0,0,0,0,2,-5,-4,-6,-2,4,-6,0,0,0,0,0,0,0,0,0,0,0,0,0,0,0,0,0,0,0,0
Sven Müller,Mittelfeld,25,1. FC Nürnberg,0,0,-4,0,-2,-2,-6,2,3,-4,4,-4,0,-4,0,0,0,-2,0,-4,0,0,0,0,0,0,0,0,0,0,0,0,0,0
Sezer Öztürk,Mittelfeld,19,1. FC Nürnberg,0,0,0,0,0,0,0,0,0,0,0,0,0,0,0,0,0,0,0,0,0,0,0,0,0,0,0,0,0,0,0,0,0,0
Jan Polak,Mittelfeld,24,1. FC Nürnberg,2,-4,-6,-6,0,0,-6,4,-2,-6,-4,0,0,0,0,-2,-4,1,-2,0,-2,0,0,6,-2,5,4,6,-4,-2,-6,6,-2,-7
Samuel Slovak,Mittelfeld,29,1. FC Nürnberg,0,0,0,0,0,0,0,0,0,0,0,0,0,0,0,0,0,0,0,0,0,0,0,0,0,0,0,0,0,0,0,0,0,0
Sebastian Szikal,Mittelfeld,18,1. FC Nürnberg,0,0,0,0,0,0,0,0,0,0,0,0,0,0,0,0,0,0,0,0,0,0,0,0,0,0,0,0,0,0,0,0,0,0
Maik Wagefeld,Mittelfeld,24,1. FC Nürnberg,0,0,0,-2,0,0,0,0,0,0,0,0,0,0,0,0,0,0,0,0,0,0,0,0,0,0,0,0,0,0,0,0,0,0
Markus Daun,Sturm,24,1. FC Nürnberg,0,0,0,-2,0,-6,-2,0,0,1,-4,-6,-2,-6,0,0,0,0,0,0,0,0,0,0,0,0,0,0,0,0,0,0,0,0
Stefan Kießling,Sturm,21,1. FC Nürnberg,0,1,-4,0,-1,9,-2,14,5,4,5,-2,-2,3,0,0,0,3,3,2,0,0,0,1,-8,0,0,9,2,-2,0,1,5,0
Chhunly Pagenburg,Sturm,18,1. FC Nürnberg,0,0,0,0,0,0,0,0,0,0,0,0,0,0,0,0,0,0,0,0,0,0,0,0,0,0,0,0,0,0,0,0,0,0
Ivan Saenko,Sturm,21,1. FC Nürnberg,0,2,-6,-4,0,0,0,0,0,0,0,0,3,0,2,-2,5,7,-2,2,3,9,0,10,8,2,-6,12,-6,-6,-4,16,2,7
Markus Schroth,Sturm,30,1. FC Nürnberg,-6,-6,0,0,5,2,-6,4,3,-2,-6,0,-1,-6,-2,5,-6,3,-4,-2,0,0,0,4,5,9,-6,0,-6,3,-2,0,0,0
Robert Vittek,Sturm,23,1. FC Nürnberg,-2,4,-6,0,-6,-4,-8,0,0,0,0,0,0,-6,0,0,0,0,3,2,5,3,-6,19,20,17,-4,9,-2,14,-2,15,-2,10
Christofer Heimeroth,Tor,24,FC Schalke 04,0,0,0,0,0,0,0,0,0,0,0,0,-4,0,0,0,0,0,0,0,0,0,0,0,0,0,0,0,0,0,0,0,0,0
Frank Rost,Tor,32,FC Schalke 04,2,0,2,10,4,2,2,4,6,4,2,0,0,6,4,4,2,4,4,6,5,0,2,4,2,-2,4,6,6,-2,8,2,2,6
Sebastian Boenisch,Abwehr,18,FC Schalke 04,0,0,0,0,0,0,0,0,0,0,0,0,0,0,0,0,0,0,0,0,0,0,0,0,0,0,0,0,0,0,0,0,0,0
José Marcelo Bordon,Abwehr,29,FC Schalke 04,-2,2,0,-2,2,2,4,0,-2,4,-2,0,2,2,0,11,0,2,4,4,-5,2,6,2,6,-6,0,-2,-4,-2,8,0,-4,11
Thomas Kläsener,Abwehr,28,FC Schalke 04,0,0,0,0,0,0,0,0,0,0,0,0,0,0,0,0,0,0,0,0,0,0,0,0,0,0,0,0,0,0,0,0,0,0
Levan Kobiashvili,Abwehr,28,FC Schalke 04,6,-4,3,0,-4,0,5,-2,0,-2,-6,-2,-2,3,2,0,0,7,-4,0,-6,-2,-2,4,-2,-2,-4,-2,0,-5,-2,-2,-6,-2
Mladen Krstajic,Abwehr,31,FC Schalke 04,7,4,0,-6,-2,-6,5,2,0,2,-2,0,2,6,2,0,-2,0,0,0,3,3,2,2,4,-8,-2,2,-6,-4,0,0,0,0
Rafinha,Abwehr,19,FC Schalke 04,0,0,0,0,2,0,2,0,0,2,-2,0,4,-2,2,0,-2,0,-2,6,6,-2,6,-2,7,2,-2,-12,0,0,0,-1,-4,0
Dario Octavio Rodriguez,Abwehr,30,FC Schalke 04,0,0,0,0,0,0,2,4,0,2,-2,11,0,-2,4,2,-6,2,2,0,0,0,0,0,0,-4,-6,0,-6,-10,-2,2,-2,0
Tomasz Waldoch,Abwehr,34,FC Schalke 04,0,0,0,0,0,0,0,0,0,0,0,0,0,0,0,0,0,0,0,0,0,0,0,0,0,0,0,0,0,0,0,0,0,5
Hamit Altintop,Mittelfeld,22,FC Schalke 04,1,2,0,2,0,0,0,-2,0,0,-4,-2,-4,-2,0,-2,0,0,0,0,0,0,0,0,0,0,0,0,-6,0,-4,4,-2,0
Mimoun Azaouagh,Mittelfeld,22,FC Schalke 04,0,0,0,0,0,0,0,0,0,0,0,0,0,0,0,0,0,0,0,0,0,0,0,-4,-2,0,0,0,-8,0,0,0,-6,0
Zlatan Bajramovic,Mittelfeld,25,FC Schalke 04,2,-2,-4,-4,0,-3,0,-2,0,0,0,0,0,0,0,0,-9,0,0,-2,10,8,-2,6,4,0,-3,0,-8,4,-2,0,0,0
Alexander Baumjohann,Mittelfeld,18,FC Schalke 04,0,0,0,0,0,0,0,0,0,0,0,0,0,0,0,0,0,0,0,0,0,0,0,0,0,0,0,0,0,0,0,0,0,0
Fabian Ernst,Mittelfeld,26,FC Schalke 04,2,5,-2,-4,-2,2,2,-4,-6,-2,0,9,-2,2,2,-2,-2,5,-4,-2,-2,-9,0,-4,-2,-2,-6,4,0,-6,0,2,-6,-2
Lincoln,Mittelfeld,26,FC Schalke 04,0,0,0,2,0,-2,8,-4,-4,2,-2,8,0,2,3,3,-4,8,-2,0,13,-4,8,0,0,-8,6,-2,-6,-6,4,0,-4,0
Christian Poulsen,Mittelfeld,25,FC Schalke 04,-2,-2,0,5,0,0,2,4,0,0,-11,0,3,0,10,4,0,2,2,0,0,1,2,-1,0,2,-6,0,-6,-6,2,0,0,0
Antonio Gustavo Varela,Mittelfeld,27,FC Schalke 04,0,4,-2,0,0,-4,0,0,0,-2,0,5,0,-6,-4,0,0,0,0,-4,0,0,3,0,2,0,0,-2,0,2,0,0,0,0
Gerald Asamoah,Sturm,26,FC Schalke 04,-2,0,0,-2,0,0,0,0,0,0,0,0,1,0,2,-2,-6,0,-6,0,3,7,6,-2,-2,-2,1,2,0,0,0,3,-6,-1
Kevin Kuranyi,Sturm,23,FC Schalke 04,2,14,-4,-4,-4,-1,9,-1,-6,-2,-6,3,5,12,-4,-2,-6,-5,-6,-4,5,-4,5,0,0,0,5,-6,-6,-8,-4,-2,0,-2
Sören Larsen,Sturm,23,FC Schalke 04,3,0,0,3,0,9,0,3,4,-6,-8,0,-6,0,0,0,0,0,0,0,14,0,-2,0,8,-6,0,0,5,-2,-2,3,-6,0
Joseph Laumann,Sturm,21,FC Schalke 04,0,0,0,0,0,0,0,0,0,0,0,0,0,0,0,0,0,0,0,0,0,0,0,0,0,0,0,0,0,0,0,0,0,0
Ebbe Sand,Sturm,33,FC Schalke 04,-1,0,7,-2,-6,0,0,0,0,0,-4,1,3,0,4,0,0,-2,0,0,0,0,0,-6,3,-4,-2,0,0,-2,0,-2,0,6
Dirk Heinen,Tor,34,VfB Stuttgart,0,0,0,0,0,0,0,0,0,0,-6,0,0,0,0,0,0,0,0,0,0,0,0,0,0,0,0,2,0,0,0,0,0,0
Timo Hildebrand,Tor,26,VfB Stuttgart,2,-2,10,2,4,2,2,2,2,4,0,4,4,2,4,4,2,4,4,6,4,2,4,2,4,2,0,0,0,2,4,-2,2,0
Markus Babbel,Abwehr,32,VfB Stuttgart,-2,-6,-2,0,0,0,0,0,0,0,0,0,-2,0,0,0,0,0,0,0,0,0,2,-2,-2,2,-2,-10,0,0,0,-6,0,0
Andreas Beck,Abwehr,18,VfB Stuttgart,0,0,0,0,0,0,0,0,0,0,0,0,0,0,0,0,0,0,0,0,0,0,0,0,0,0,0,0,0,0,0,-2,5,0
Matthieu Delpierre,Abwehr,24,VfB Stuttgart,0,0,0,0,-2,2,2,2,6,2,-1,2,2,2,4,0,6,-2,-2,2,-2,-2,2,-1,2,0,-6,-6,0,-6,-6,0,-6,-2
Meira Fernando,Abwehr,27,VfB Stuttgart,2,-6,4,-2,4,4,6,4,4,2,-2,2,-2,2,2,0,6,0,4,2,-4,-4,2,4,0,4,-2,-2,0,0,-2,0,0,0
Heiko Gerber,Abwehr,33,VfB Stuttgart,0,0,0,-2,-5,0,0,0,-6,0,0,0,0,0,0,0,0,0,0,0,0,-2,0,0,-2,0,0,-6,0,0,0,0,0,0
Andreas Hinkel,Abwehr,23,VfB Stuttgart,0,-6,0,0,0,-2,0,0,-6,0,0,-2,-2,0,0,0,0,-2,2,0,0,-1,0,2,-2,0,0,0,0,2,-4,-2,0,-2
Ludovic Magnin,Abwehr,26,VfB Stuttgart,0,-1,-4,0,0,-2,-2,-4,0,-4,0,-2,8,-2,-2,-2,-2,-2,-2,0,1,0,0,0,-2,0,0,0,-2,-6,0,-2,-6,0
Zvonimir Soldo,Abwehr,37,VfB Stuttgart,-1,0,0,4,0,-2,0,2,-2,-2,-2,2,-2,2,4,0,6,0,2,2,-2,2,2,2,4,0,2,-2,6,-4,-2,-2,6,0
Martin Stranzl,Abwehr,25,VfB Stuttgart,-2,0,3,0,0,0,-6,0,0,0,-2,0,0,0,2,0,-2,0,0,0,0,0,0,0,0,0,0,0,0,0,0,0,0,0
Christian Tiffert,Abwehr,23,VfB Stuttgart,0,7,2,-6,0,0,0,-2,0,-2,3,7,0,2,0,2,-2,-2,0,-2,-6,7,-2,2,-2,-1,-2,-6,-2,-2,0,-3,0,0
Daniel Bierofka,Mittelfeld,26,VfB Stuttgart,0,0,0,0,0,0,0,0,0,0,0,0,0,0,0,0,0,0,0,0,0,0,0,0,0,0,0,0,0,0,0,0,0,0
Mario Carevic,Mittelfeld,23,VfB Stuttgart,0,0,0,0,0,0,0,0,0,0,0,0,0,0,0,0,0,0,0,0,0,0,0,0,0,0,0,-4,0,0,0,0,0,0
Christian Gentner,Mittelfeld,19,VfB Stuttgart,0,-2,0,0,-6,2,-2,0,-4,0,2,1,0,0,-4,0,1,-2,2,0,-6,0,0,0,0,-4,0,0,-4,0,0,0,6,-2
Thomas Hitzlsperger,Mittelfeld,23,VfB Stuttgart,-2,-4,-2,0,-2,-6,0,2,-4,-2,0,-2,0,5,4,-4,0,2,0,-2,0,-2,0,0,0,0,0,0,-2,6,-6,0,-4,6
Silvio Meißner,Mittelfeld,32,VfB Stuttgart,-2,-4,2,-3,-2,-6,0,-2,0,0,0,0,-2,-2,0,6,0,-6,0,-2,0,0,8,0,0,-2,-2,0,-6,0,-2,0,0,-2
Cacau,Sturm,24,VfB Stuttgart,-1,0,0,0,0,2,-4,0,-4,-6,5,0,-6,0,0,-6,0,0,0,0,0,0,0,0,0,3,2,0,0,0,-4,0,-2,3
Mario Gomez,Sturm,20,VfB Stuttgart,0,-2,4,-6,3,7,0,0,2,0,3,0,0,-2,0,3,7,0,0,-4,-4,0,3,7,-2,0,4,-6,-1,1,0,0,0,-2
Jesper Grönkjaer,Sturm,27,VfB Stuttgart,0,-6,2,0,2,5,2,0,-6,0,2,0,0,0,0,0,0,0,0,0,2,0,3,6,4,-4,0,0,-2,5,-4,-4,0,0
Danijel Ljuboja,Sturm,26,VfB Stuttgart,0,0,0,0,-4,0,-3,0,-2,5,9,-4,-2,7,-2,-4,5,-6,-6,-6,0,7,-2,2,0,0,0,-4,-2,8,-6,5,3,0
Marco Streller,Sturm,24,VfB Stuttgart,0,6,0,0,0,0,0,0,-1,1,-4,0,0,0,0,0,0,-5,-6,12,0,0,-6,5,2,0,-6,0,0,0,-4,-6,0,1
Dahl Jon Tomasson,Sturm,28,VfB Stuttgart,-6,2,11,3,5,-2,3,-12,0,0,0,0,14,0,-4,0,0,-6,-2,0,-6,1,0,-4,-4,-6,-6,0,1,5,-6,-2,0,4
Simon Jentzsch,Tor,29,VfL Wolfsburg,2,0,6,4,4,4,3,2,6,6,2,2,2,8,-6,0,2,1,2,-2,-2,4,6,8,6,4,4,-6,-6,2,4,-4,2,2
Alex,Abwehr,25,VfL Wolfsburg,0,0,-2,-2,-4,0,-2,2,-2,0,0,0,0,0,0,0,0,-4,2,-4,-2,-6,1,-4,0,0,0,0,0,2,-2,-2,0,0
Maik Franz,Abwehr,23,VfL Wolfsburg,0,0,0,0,0,0,0,0,-4,0,0,2,-6,2,-4,0,-6,0,0,0,-4,0,-4,0,0,0,0,0,0,0,2,-4,-6,0
Kevin Hofland,Abwehr,26,VfL Wolfsburg,9,2,0,-2,0,6,2,2,0,0,0,-3,0,0,0,0,-6,0,2,-2,9,-2,0,-2,2,2,0,0,0,0,0,0,0,0
Christopher Lamprecht,Abwehr,20,VfL Wolfsburg,0,0,0,0,0,0,0,0,0,0,0,2,0,2,-6,0,0,-2,0,0,0,0,-2,-2,0,0,7,-6,0,0,0,0,0,0
Matthias Langkamp,Abwehr,21,VfL Wolfsburg,0,0,0,0,0,0,0,0,0,0,0,0,0,0,0,0,0,0,0,0,0,0,0,0,0,0,0,0,0,0,0,0,0,0
Bojan Neziri,Abwehr,23,VfL Wolfsburg,0,0,0,0,-2,2,0,2,2,-2,-4,-2,-6,0,-4,-2,-6,-6,0,-2,-4,0,0,-6,0,0,0,0,0,0,0,0,0,0
Hernan Facundo Quiroga,Abwehr,27,VfL Wolfsburg,-2,-2,-2,-2,-4,2,-2,-2,9,2,-6,0,-8,-4,-10,0,0,0,2,-6,0,-2,0,-4,2,-4,-2,-4,-6,-12,0,0,0,0
Hans Sarpei,Abwehr,29,VfL Wolfsburg,0,0,5,-4,-6,3,0,0,0,0,-6,-2,-6,-2,0,-2,-5,0,0,-6,0,0,0,0,-4,-4,0,0,-6,0,0,-6,-2,-4
Stefan Schnoor,Abwehr,34,VfL Wolfsburg,0,0,0,0,0,0,0,-2,0,-2,0,0,0,0,0,0,0,-6,0,0,0,0,0,0,0,0,-2,2,-2,0,2,-2,4,-2
Peter Heyden der van,Abwehr,29,VfL Wolfsburg,0,0,0,0,0,0,0,0,2,2,0,0,0,-2,-6,-2,0,-4,0,0,0,-6,-2,2,0,0,-6,-6,-6,-4,-4,-2,-4,-4
Patrick Weiser,Abwehr,33,VfL Wolfsburg,-2,-2,0,0,0,0,0,0,0,-6,0,0,0,0,0,0,0,0,0,0,0,0,0,0,0,0,0,0,0,0,0,0,0,0
Andres Alessandro d,Mittelfeld,24,VfL Wolfsburg,1,-4,8,-4,-1,11,-4,-2,-2,-4,-8,0,0,0,0,-2,-6,0,0,0,0,0,0,0,0,0,0,0,0,0,0,0,0,0
Karsten Fischer,Mittelfeld,21,VfL Wolfsburg,0,0,0,0,0,0,0,0,0,0,0,0,0,0,-6,0,0,-4,0,0,0,0,0,0,0,0,0,0,0,0,0,0,0,0
Marian Hristov,Mittelfeld,32,VfL Wolfsburg,0,0,0,0,0,0,0,0,0,0,0,0,0,0,0,0,0,0,0,0,0,0,0,0,0,0,0,-2,-2,6,-1,-4,-5,0
Miroslav Karhan,Mittelfeld,29,VfL Wolfsburg,2,0,2,0,-6,5,-4,0,0,0,0,-6,-5,-6,-4,0,0,-2,2,-6,3,0,0,-2,-4,-2,6,-6,-6,1,4,-6,-2,0
Cedrick Makiadi,Mittelfeld,21,VfL Wolfsburg,0,0,0,0,0,0,0,0,0,0,0,0,0,0,0,0,0,2,0,0,0,0,0,0,0,0,0,-2,0,0,0,0,0,13
Pablo Thiam,Mittelfeld,31,VfL Wolfsburg,2,2,10,0,0,0,-2,0,4,0,-2,-2,-6,-6,-2,2,-6,0,0,0,0,-4,0,0,-2,-4,-4,-6,-6,0,0,0,0,0
Levan Tskitishvili,Mittelfeld,28,VfL Wolfsburg,2,2,2,-4,-6,0,-2,0,0,0,0,-1,-10,-6,-11,0,-6,0,0,-6,0,-6,0,0,0,0,0,0,0,0,0,0,0,0
Tom Leegte der van,Mittelfeld,28,VfL Wolfsburg,0,0,0,0,0,0,0,0,0,0,0,0,0,0,0,0,0,0,5,-2,-2,-4,-2,-4,0,2,0,0,0,0,0,-6,0,2
Abuda,Sturm,19,VfL Wolfsburg,0,0,0,0,0,0,0,0,0,0,0,0,0,0,0,0,0,0,0,0,0,0,0,0,0,0,0,0,0,0,0,0,0,0
Mike Hanke,Sturm,21,VfL Wolfsburg,-1,1,-2,0,0,12,-6,-6,2,-2,0,-6,-10,0,0,-6,1,3,10,-6,4,2,5,3,-6,0,0,-6,-6,-4,-4,-4,0,-1
Rick Hoogendorp,Sturm,30,VfL Wolfsburg,0,0,0,0,0,0,0,0,0,0,0,0,0,0,0,0,0,0,0,0,-2,-8,0,0,-6,-4,5,0,-6,0,-2,-6,-4,-2
Fernando Diego Klimowicz,Sturm,31,VfL Wolfsburg,3,-8,0,-6,3,7,1,-6,11,-4,-6,5,-1,-6,3,-4,1,1,7,-4,-2,0,-4,-2,0,0,0,-14,0,0,0,0,-6,5
Steve Marlet,Sturm,31,VfL Wolfsburg,0,0,0,0,0,0,0,-2,0,0,-6,0,0,-4,-8,0,0,0,0,0,0,0,0,0,0,-10,0,3,0,-2,0,-6,0,0
Carlos Juan Menseguez,Sturm,21,VfL Wolfsburg,0,-4,5,-6,-6,0,-6,0,0,-4,-2,-2,-4,-6,-4,-2,3,-1,0,-6,0,0,7,2,-4,-2,2,-3,-2,-2,-2,-2,9,2
Marko Topic,Sturm,29,VfL Wolfsburg,0,0,0,0,0,0,0,0,0,0,0,0,0,0,0,0,0,0,0,0,0,0,0,0,0,0,0,0,0,0,0,0,0,0
